Workbook
Name fc: 'GROUND&1st'!$AM$2
Name fy: 'GROUND&1st'!$AO$2

Sheet GROUND&1st
B1: Design of Columns for Ground & 1st Floors | AJ1: Design of Columns for Ground & 1st Floor | BJ1: Check Capasity of Columns | CG1: IF COMPRESSION CONTROLS | CZ1: IF TENTION CONTROLS
U2: FOR NON SWAY | AJ2: Col .No | AL2: f'c(Mpa)= | AM2: 28 | AN2: fy(Mpa)= | AO2: 420 | AP2: m= | AQ2: =AO2/(0.85*AM2) -> 17.647059 | AR2: β= | AS2: 0.65 | AT2: φ= | AU2: 0.65 | AW2: østirrups= | AX2: 10 | AY2: Av= | AZ2: =2*PI()*AX2^2/4 -> 157.07963 | BC2: d'(mm)= | BD2: 60 | BE2: φ= | BF2: 0.75 | BH2: fy= | BI2: 280
B3: Column | C3: name | D3: b | E3: h | F3: Lu | G3: Pu | H3: Mu(TOP)x | I3: Mu(BOT)x | J3: Mu(TOP)y | K3: Mu(BOT)y | L3: Check Slinderness X-Dirction | U3: COL.NO | W3: BEAM | Z3: COLUMN | AD3: ψx | AE3: Kx | AL3: b | AM3: h | AN3: d | AO3: Pu | AP3: Mux | AQ3: Muy | AR3: Muox | AS3: Muoy | AT3: Mu eq | AU3: e | AV3: Check | AW3: As | AX3: A's | AY3: ρ | AZ3: Bars | BC3: Shear Design | BJ3: bx=hy | BK3: hx=by | BL3: abx | BM3: aby | BN3: fs'x | BO3: fs'y | BP3: Pbx | BQ3: Pby | BR3: Mbx | BS3: Mby | BT3: ebx | BU3: eby | BV3: ey | BW3: ex | BX3: Check X dirction | BY3: Check Y dirction | BZ3: Pnx | CA3: Pny | CB3: Pno | CC3: Pubiaxial | CD3: Note | CG3: X-direction | CQ3: Y-direction | CZ3: X-direction | DI3: Y-direction
D4: mm | E4: mm | F4: mm | G4: (KN) | H4: (KN.m) | I4: (KN.m) | J4: (KN.m) | K4: (KN.m) | L4: klu/r | M4: 34-12(M1/M2) | N4: CHECK | P4: abs(Mxtop) | Q4: abs(Mxbot) | R4: abs(Mytop) | S4: abs(Mybot) | X4: Beam1x | Y4: Beam2x | Z4: B | AA4: H | AB4: L | AC4: Ix/L | AL4: (mm) | AM4: (mm) | AN4: (mm) | AO4: (Kn) | AP4: (Kn.m) | AQ4: (Kn.m) | AR4: (Kn.m) | AS4: (Kn.m) | AT4: (Kn.m) | AU4: (m) | AW4: (mm^2) | AX4: (mm^2) | BC4: Vu | BD4: Vc | BE4: Vs | BF4: Smax | BG4: Lo | BH4: S | BI4: hoops S→Lo | BJ4: mm | BK4: mm | BL4: mm | BM4: mm | BN4: MPa | BO4: MPa | BP4: KN | BQ4: KN | BR4: KN.m | BS4: KN.m | BT4: m | BU4: m | BV4: (m) | BW4: (m) | BZ4: (Kn) | CA4: (Kn) | CB4: (Kn) | CC4: (Kn) | CG4: As' | CH4: d | CI4: e' | CJ4: A | CK4: B | CL4: C | CM4: D | CN4: a | CO4: Pn | CQ4: d | CR4: e' | CS4: A | CT4: B | CU4: C | CV4: D | CW4: a | CX4: Pn | CZ4: A | DA4: B | DB4: C | DC4: a | DD4: fs' | DE4: C | DF4: a | DG4: Pn | DI4: A | DJ4: B | DK4: C | DL4: a | DM4: fs' | DN4: C | DO4: a | DP4: Pn | DT4: COL | DU4: USE
A5: MIDAH | B5: C2 | D5: 300 | E5: 500 | F5: 1600 | G5: 854.82 | H5: 6.15 | I5: 0 | J5: 0.16 | K5: 0 | L5: =(0.9*F5)/(0.3*E5) -> 9.6 | M5: =IF(P5>Q5,(34-12*I5/H5),(34-12*H5/I5)) -> 34 | N5: =IF(L5<=M5,"sho.col","long.col") -> sho.col | P5: =ABS(H5) -> 6.15 | Q5: =ABS(I5) -> 0 | R5: =ABS(J5) -> 0.16 | S5: =ABS(K5) -> 0 | U5: C1 | V5: Top | W5: B | X5: 0 | Y5: 200 | Z5: 250 | AA5: 500 | AB5: =AB7 -> 1600 | AC5: =(Z5*AA5^3/12)/AB5 -> 1627604.2 | AD5: =(0.7*(AC5+AC7))/(0.35*(X8+Y8)) -> 7.3852539 | AE5: =MIN(MIN(1,(0.7+0.05*(AD5+AD9))),MIN(1,(0.85+0.05*MIN(AD5,AD9)))) -> 0.9 | AI5: 2 , 220 ,152 | AJ5: =B5 -> C2 | AL5: 300 | AM5: 500 | AN5: =AM5-60 -> 440 | AO5: =G5 -> 854.82 | AP5: =P5 -> 6.15 | AQ5: =R5 -> 0.16 | AR5: =AP5+(AQ5*AM5/AL5*((1-AS$2)/AS$2)) -> 6.2935897 | AS5: =AQ5+(AP5*AL5/AM5*((1-AS$2)/AS$2)) -> 2.1469231 | AT5: =MAX(AR5:AS5) -> 6.2935897 | AU5: =AT5/AO5 -> 0.0073624737 | AV5: =IF(AU5<=1,"Compression","Tention") -> Compression | AW5: =IF(MAX(AP5*1000/AO5,AQ5*1000/AO5)>0.1*AM5,IF(IF(AV5="Compression",2*(0.5+AU5*10^3/(AN5-BD$2))*(-AL5*AM$2*AM5/(1.18+3*AU5*10^3*AM5/AN5^2)+AO5*10^3/AU$2)/AO$2,2*AO5*1000*(AU5*1000-0.5*AM5+0.2*AN5)/(AU$2*fy*(AN5-BD$2)))<0.01*AL5*AM5,(0.01*AL5*AM5),IF(AV5="Compression",2*(0.5+AU5*10^3/(AN5-60))*(-AL5*AM$2*AM5/(1.18+3*AU5*10^3*AM5/AN5^2)+AO5*10^3/AU$2)/AO$2,2*AO5*1000*(AU5*1000-0.5*AM5+0.2*AN5)/(AU$2*fy*(AN5-BD$2)))),MAX((AO5*1000/(0.8*AU$2)-0.85*fc*AL5*AM5)/(fy-0.85*fc),0.01*AL5*AM5)) -> 1500 | AX5: =AW5/4 -> 375 | AY5: =AW5/(AL5*AM5) -> 0.01 | AZ5: =EVEN(AW5/(PI()*BB5^2/4)) -> 10 | BA5: φ | BB5: 14 | BC5: 3.07 | BD5: =MIN(fc^0.5*AL5*AN5/(6*1000),fc^0.5*(AL5-60)*AM5/(6*1000)) -> 105.83005 | BE5: =(BC5-BF$2*BD5)/BF$2 -> -101.73672 | BF5: =FLOOR(MIN(AL5/2,MIN((3*AZ$2*BI$2/AM5),(16*AZ$2*BI$2/(fc^0.5*AM5))),(8*BB5),(24*AX$2),300),10) -> 110 | BG5: =MAX(MAX(AL5,AM5),(F5/6),450) -> 500 | BH5: =IF(BC5<0.5*BD5*BF$2,"No Need Shear Reinf.",IF(BC5<=BD5*BF$2,BF5,IF(BE5>4*BD5,"Increase b & d",FLOOR(AZ$2*BI$2*AN5/(BE5*1000),50)))) -> No Need Shear Reinf. | BI5: =IF(BH5="No Need Shear Reinf.","Use Φ"&AX$2&"@"&MIN(BF5,BH5)&"mm",IF(BH5="Increase b & d","Increase b & d","Use Φ"&AX$2&"@"&MIN(BF5,BH5)&"mm")) -> Use Φ10@110mm | BJ5: =AL5 -> 300 | BK5: =AM5 -> 500 | BL5: =0.85*(600*AN5)/(600+fy) -> 220 | BM5: =0.85*(600*(BJ5-60))/(600+fy) -> 120 | BN5: =600*(BL5/0.85-60)*0.85/BL5 -> 460.90909 | BO5: =600*(BM5/0.85-60)*0.85/BM5 -> 345 | BP5: =IF(BN5>fy,(0.85*fc*BL5*BJ5+CG5*(fy-0.85*fc)-CG5*fy),(0.85*fc*BL5*BJ5+CG5*(BN5-0.85*fc)-CG5*fy))/1000 -> 1561.637 | BQ5: =IF(BO5>fy,(0.85*fc*BM5*BK5+CG5*(fy-0.85*fc)-CG5*fy),(0.85*fc*BM5*BK5+CG5*(BO5-0.85*fc)-CG5*fy))/1000 -> 1389.962 | BR5: =IF(BN5>fy,(0.85*fc*BL5*BJ5*(BK5/2-BL5/2)+CG5*(fy-0.85*fc)*(BK5/2-60)+CG5*fy*(BK5/2-60)),(0.85*fc*BL5*BJ5*(AN5-BL5/2-60)+CG5*(BN5-0.85*fc)*(BK5/2-60)+CG5*fy*(BK5/2-60)))/1000000 -> 279.61703 | BS5: =IF(BO5>fy,(0.85*fc*BM5*BK5*((BJ5-60)-BM5/2-60)+CG5*(fy-0.85*AM$2)*(BJ5/2-60)-CG5*fy*(BJ5/2-60)),(0.85*fc*BM5*BK5*((BJ5-60)-BM5/2-60)+CG5*(BO5-0.85*fc)*(BJ5/2-60)-CG5*fy*(BJ5/2-60)))/1000000 -> 167.93658 | BT5: =BR5/BP5 -> 0.17905379 | BU5: =BS5/BQ5 -> 0.12082099 | BV5: =AP5/AO5 -> 0.0071944971 | BW5: =AQ5/AO5 -> 0.00018717391 | BX5: =IF(BT5>BV5,"Compression Controls","Tension Controls") -> Compression Controls | BY5: =IF(BU5>BW5,"Compression Controls","Tension Controls") -> Compression Controls | BZ5: =IF(BX5="Compression Controls",CO5,DG5) -> 3743.9363 | CA5: =IF(BY5="Compression Controls",CX5,DP5) -> 3839.0801 | CB5: =(0.85*fc*BJ5*BK5+CG5*4*(fy-0.85*fc))/1000 -> 4180.148 | CC5: =IF(MAX(AP5*1000/AO5,AQ5*1000/AO5)>0.1*AM5,AU$2/(1/BZ5+1/CA5-1/CB5),AU$2*0.8*CB5) -> 2173.677 | CD5: =IF(CC5>=AO5,"Safe ","Unsafe") -> Safe | CG5: =(AZ5*0.25*22/7*BB5^2)/4 -> 385 | CH5: =BK5-60 -> 440 | CI5: =BV5*1000+BK5/2-60 -> 197.1945 | CJ5: =0.85*fc*BJ5/(2*CI5) -> 18.103953 | CK5: =0.85*fc*BJ5*(1-CH5/CI5) -> -8791.4791 | CL5: =(600*CG5+CG5*(fy-0.85*fc)*(1-(CH5-60)/CI5)) -> 89593.402 | CM5: =-510*CH5*CG5 -> -86394000 | CN5: =(((CK5*CL5/(6*CJ5^2)-(CK5/(3*CJ5))^3-CM5/(2*CJ5))^2+(-(CK5^2/(9*CJ5^2))+CL5/(3*CJ5))^3)^0.5+CK5*CL5/(6*CJ5^2)-CK5^3/(27*CJ5^3)-CM5/(2*CJ5))^(1/3)+(-(((CK5*CL5/(6*CJ5^2)-(CK5/(3*CJ5))^3-CM5/(2*CJ5))^2+(-(CK5^2/(9*CJ5^2))+CL5/(3*CJ5))^3)^0.5)+CK5*CL5/(6*CJ5^2)-CK5^3/(27*CJ5^3)-CM5/(2*CJ5))^(1/3)-CK5/(3*CJ5) -> 495.08443 | CO5: =((0.85*fc*CN5*BJ5)+(CG5*(fy-0.85*fc))-(CG5*600*((0.85*CH5)-CN5)/CN5))/1000 -> 3743.9363 | CQ5: =BJ5-60 -> 240 | CR5: =BW5*1000+BJ5/2-60 -> 90.187174 | CS5: =0.85*fc*BK5/(2*CR5) -> 65.973905 | CT5: =0.85*fc*BK5*(1-CQ5/CR5) -> -19767.474 | CU5: =(600*CG5+CG5*(fy-0.85*fc)*(1-(CQ5-60)/CR5)) -> 79096.149 | CV5: =-510*CQ5*CG5 -> -47124000 | CW5: =(((CT5*CU5/(6*CS5^2)-(CT5/(3*CS5))^3-CV5/(2*CS5))^2+(-(CT5^2/(9*CS5^2))+CU5/(3*CS5))^3)^0.5+CT5*CU5/(6*CS5^2)-CT5^3/(27*CS5^3)-CV5/(2*CS5))^(1/3)+(-(((CT5*CU5/(6*CS5^2)-(CT5/(3*CS5))^3-CV5/(2*CS5))^2+(-(CT5^2/(9*CS5^2))+CU5/(3*CS5))^3)^0.5)+CT5*CU5/(6*CS5^2)-CT5^3/(27*CS5^3)-CV5/(2*CS5))^(1/3)-CT5/(3*CS5) -> 303.43245 | CX5: =((0.85*fc*CW5*BK5)+(CG5*(fy-0.85*fc))-(CG5*600*((0.85*CQ5)-CW5)/CW5))/1000 -> 3839.0801 | CZ5: =0.425*fc*BJ5 -> 3570 | DA5: =2*CZ5*(CI5-CH5) -> -1733631.3 | DB5: =CG5*(fy-0.85*fc)*(CI5-CH5+60)-CG5*fy*CI5 -> -59770953 | DC5: =(-DA5+(DA5^2-4*CZ5*DB5)^0.5)/(2*CZ5) -> 517.93652 | DD5: =600*(DC5/0.85-60)*0.85/DC5 -> 540.9194 | DE5: =IF(DD5>fy,DB5,CG5*(DD5-0.85*fc)*(CI5-CH5+60)-CG5*fy*CI5) -> -59770953 | DF5: =(-DA5+(DA5^2-4*CZ5*DE5)^0.5)/(2*CZ5) -> 517.93652 | DG5: =IF(DD5>fy,(0.85*fc*DF5*BJ5+CG5*(fy-0.85*fc)-CG5*fy),(0.85*fc*DF5*BJ5+CG5*(DD5-0.85*fc)-CG5*fy))/1000 -> 3688.9037 | DI5: =0.425*fc*BK5 -> 5950 | DJ5: =2*DI5*(CR5-CQ5) -> -1782772.6 | DK5: =CG5*(fy-0.85*fc)*(CR5-CQ5+60)-CG5*fy*CR5 -> -28283045 | DL5: =(-DJ5+(DJ5^2-4*DI5*DK5)^0.5)/(2*DI5) -> 314.72897 | DM5: =600*(DL5/0.85-60)*0.85/DC5 -> 305.51502 | DN5: =IF(DM5>fy,DK5,CG5*(DM5-0.85*fc)*(CR5-CQ5+60)-CG5*fy*CR5) -> -24324390 | DO5: =(-DJ5+(DJ5^2-4*DI5*DN5)^0.5)/(2*DI5) -> 312.69934 | DP5: =IF(DM5>fy,(0.85*fc*DO5*BK5+CG5*(fy-0.85*fc)-CG5*fy),(0.85*fc*DO5*BK5+CG5*(DM5-0.85*fc)-CG5*fy))/1000 -> 3667.8824 | DT5: =B5 -> C2 | DU5: =AZ5 -> 10 | DV5: =BA5 -> φ | DW5: =BB5 -> 14
A6: MIDAH | B6: C3 | C6: 14 | D6: 300 | E6: 500 | F6: 1600 | G6: 925.87 | H6: 0.11 | I6: 0 | J6: 0.18 | K6: 0 | L6: =(0.9*F6)/(0.3*E6) -> 9.6 | M6: =IF(P6>Q6,(34-12*I6/H6),(34-12*H6/I6)) -> 34 | N6: =IF(L6<=M6,"sho.col","long.col") -> sho.col | P6: =ABS(H6) -> 0.11 | Q6: =ABS(I6) -> 0 | R6: =ABS(J6) -> 0.18 | S6: =ABS(K6) -> 0 | W6: H | X6: 0 | Y6: 400 | AI6: 3 , 221 , 153 | AJ6: =B6 -> C3 | AL6: 300 | AM6: 500 | AN6: =AM6-60 -> 440 | AO6: =G6 -> 925.87 | AP6: =P6 -> 0.11 | AQ6: =R6 -> 0.18 | AR6: =AP6+(AQ6*AM6/AL6*((1-AS$2)/AS$2)) -> 0.27153846 | AS6: =AQ6+(AP6*AL6/AM6*((1-AS$2)/AS$2)) -> 0.21553846 | AT6: =MAX(AR6:AS6) -> 0.27153846 | AU6: =AT6/AO6 -> 0.00029327925 | AV6: =IF(AU6<=1,"Compression","Tention") -> Compression | AW6: =IF(MAX(AP6*1000/AO6,AQ6*1000/AO6)>0.1*AM6,IF(IF(AV6="Compression",2*(0.5+AU6*10^3/(AN6-BD$2))*(-AL6*AM$2*AM6/(1.18+3*AU6*10^3*AM6/AN6^2)+AO6*10^3/AU$2)/AO$2,2*AO6*1000*(AU6*1000-0.5*AM6+0.2*AN6)/(AU$2*fy*(AN6-BD$2)))<0.01*AL6*AM6,(0.01*AL6*AM6),IF(AV6="Compression",2*(0.5+AU6*10^3/(AN6-60))*(-AL6*AM$2*AM6/(1.18+3*AU6*10^3*AM6/AN6^2)+AO6*10^3/AU$2)/AO$2,2*AO6*1000*(AU6*1000-0.5*AM6+0.2*AN6)/(AU$2*fy*(AN6-BD$2)))),MAX((AO6*1000/(0.8*AU$2)-0.85*fc*AL6*AM6)/(fy-0.85*fc),0.01*AL6*AM6)) -> 1500 | AX6: =AW6/4 -> 375 | AY6: =AW6/(AL6*AM6) -> 0.01 | AZ6: =EVEN(AW6/(PI()*BB6^2/4)) -> 10 | BA6: φ | BB6: 14 | BC6: 0.09 | BD6: =MIN(fc^0.5*AL6*AN6/(6*1000),fc^0.5*(AL6-60)*AM6/(6*1000)) -> 105.83005 | BE6: =(BC6-BF$2*BD6)/BF$2 -> -105.71005 | BF6: =FLOOR(MIN(AL6/2,MIN((3*AZ$2*BI$2/AM6),(16*AZ$2*BI$2/(fc^0.5*AM6))),(8*BB6),(24*AX$2),300),10) -> 110 | BG6: =MAX(MAX(AL6,AM6),(F6/6),450) -> 500 | BH6: =IF(BC6<0.5*BD6*BF$2,"No Need Shear Reinf.",IF(BC6<=BD6*BF$2,BF6,IF(BE6>4*BD6,"Increase b & d",FLOOR(AZ$2*BI$2*AN6/(BE6*1000),50)))) -> No Need Shear Reinf. | BI6: =IF(BH6="No Need Shear Reinf.","Use Φ"&AX$2&"@"&MIN(BF6,BH6)&"mm",IF(BH6="Increase b & d","Increase b & d","Use Φ"&AX$2&"@"&MIN(BF6,BH6)&"mm")) -> Use Φ10@110mm | BJ6: =AL6 -> 300 | BK6: =AM6 -> 500 | BL6: =0.85*(600*AN6)/(600+fy) -> 220 | BM6: =0.85*(600*(BJ6-60))/(600+fy) -> 120 | BN6: =600*(BL6/0.85-60)*0.85/BL6 -> 460.90909 | BO6: =600*(BM6/0.85-60)*0.85/BM6 -> 345 | BP6: =IF(BN6>fy,(0.85*fc*BL6*BJ6+CG6*(fy-0.85*fc)-CG6*fy),(0.85*fc*BL6*BJ6+CG6*(BN6-0.85*fc)-CG6*fy))/1000 -> 1561.637 | BQ6: =IF(BO6>fy,(0.85*fc*BM6*BK6+CG6*(fy-0.85*fc)-CG6*fy),(0.85*fc*BM6*BK6+CG6*(BO6-0.85*fc)-CG6*fy))/1000 -> 1389.962 | BR6: =IF(BN6>fy,(0.85*fc*BL6*BJ6*(BK6/2-BL6/2)+CG6*(fy-0.85*fc)*(BK6/2-60)+CG6*fy*(BK6/2-60)),(0.85*fc*BL6*BJ6*(AN6-BL6/2-60)+CG6*(BN6-0.85*fc)*(BK6/2-60)+CG6*fy*(BK6/2-60)))/1000000 -> 279.61703 | BS6: =IF(BO6>fy,(0.85*fc*BM6*BK6*((BJ6-60)-BM6/2-60)+CG6*(fy-0.85*AM$2)*(BJ6/2-60)-CG6*fy*(BJ6/2-60)),(0.85*fc*BM6*BK6*((BJ6-60)-BM6/2-60)+CG6*(BO6-0.85*fc)*(BJ6/2-60)-CG6*fy*(BJ6/2-60)))/1000000 -> 167.93658 | BT6: =BR6/BP6 -> 0.17905379 | BU6: =BS6/BQ6 -> 0.12082099 | BV6: =AP6/AO6 -> 0.00011880718 | BW6: =AQ6/AO6 -> 0.00019441174 | BX6: =IF(BT6>BV6,"Compression Controls","Tension Controls") -> Compression Controls | BY6: =IF(BU6>BW6,"Compression Controls","Tension Controls") -> Compression Controls | BZ6: =IF(BX6="Compression Controls",CO6,DG6) -> 3850.1328 | CA6: =IF(BY6="Compression Controls",CX6,DP6) -> 3838.8961 | CB6: =(0.85*fc*BJ6*BK6+CG6*4*(fy-0.85*fc))/1000 -> 4180.148 | CC6: =IF(MAX(AP6*1000/AO6,AQ6*1000/AO6)>0.1*AM6,AU$2/(1/BZ6+1/CA6-1/CB6),AU$2*0.8*CB6) -> 2173.677 | CD6: =IF(CC6>=AO6,"Safe ","Unsafe") -> Safe | CG6: =(AZ6*0.25*22/7*BB6^2)/4 -> 385 | CH6: =BK6-60 -> 440 | CI6: =BV6*1000+BK6/2-60 -> 190.11881 | CJ6: =0.85*fc*BJ6/(2*CI6) -> 18.777732 | CK6: =0.85*fc*BJ6*(1-CH6/CI6) -> -9384.4041 | CL6: =(600*CG6+CG6*(fy-0.85*fc)*(1-(CH6-60)/CI6)) -> 78653.644 | CM6: =-510*CH6*CG6 -> -86394000 | CN6: =(((CK6*CL6/(6*CJ6^2)-(CK6/(3*CJ6))^3-CM6/(2*CJ6))^2+(-(CK6^2/(9*CJ6^2))+CL6/(3*CJ6))^3)^0.5+CK6*CL6/(6*CJ6^2)-CK6^3/(27*CJ6^3)-CM6/(2*CJ6))^(1/3)+(-(((CK6*CL6/(6*CJ6^2)-(CK6/(3*CJ6))^3-CM6/(2*CJ6))^2+(-(CK6^2/(9*CJ6^2))+CL6/(3*CJ6))^3)^0.5)+CK6*CL6/(6*CJ6^2)-CK6^3/(27*CJ6^3)-CM6/(2*CJ6))^(1/3)-CK6/(3*CJ6) -> 509.2768 | CO6: =((0.85*fc*CN6*BJ6)+(CG6*(fy-0.85*fc))-(CG6*600*((0.85*CH6)-CN6)/CN6))/1000 -> 3850.1328 | CQ6: =BJ6-60 -> 240 | CR6: =BW6*1000+BJ6/2-60 -> 90.194412 | CS6: =0.85*fc*BK6/(2*CR6) -> 65.96861 | CT6: =0.85*fc*BK6*(1-CQ6/CR6) -> -19764.933 | CU6: =(600*CG6+CG6*(fy-0.85*fc)*(1-(CQ6-60)/CR6)) -> 79120.579 | CV6: =-510*CQ6*CG6 -> -47124000 | CW6: =(((CT6*CU6/(6*CS6^2)-(CT6/(3*CS6))^3-CV6/(2*CS6))^2+(-(CT6^2/(9*CS6^2))+CU6/(3*CS6))^3)^0.5+CT6*CU6/(6*CS6^2)-CT6^3/(27*CS6^3)-CV6/(2*CS6))^(1/3)+(-(((CT6*CU6/(6*CS6^2)-(CT6/(3*CS6))^3-CV6/(2*CS6))^2+(-(CT6^2/(9*CS6^2))+CU6/(3*CS6))^3)^0.5)+CT6*CU6/(6*CS6^2)-CT6^3/(27*CS6^3)-CV6/(2*CS6))^(1/3)-CT6/(3*CS6) -> 303.41763 | CX6: =((0.85*fc*CW6*BK6)+(CG6*(fy-0.85*fc))-(CG6*600*((0.85*CQ6)-CW6)/CW6))/1000 -> 3838.8961 | CZ6: =0.425*fc*BJ6 -> 3570 | DA6: =2*CZ6*(CI6-CH6) -> -1784151.7 | DB6: =CG6*(fy-0.85*fc)*(CI6-CH6+60)-CG6*fy*CI6 -> -59706119 | DC6: =(-DA6+(DA6^2-4*CZ6*DB6)^0.5)/(2*CZ6) -> 531.24397 | DD6: =600*(DC6/0.85-60)*0.85/DC6 -> 542.39935 | DE6: =IF(DD6>fy,DB6,CG6*(DD6-0.85*fc)*(CI6-CH6+60)-CG6*fy*CI6) -> -59706119 | DF6: =(-DA6+(DA6^2-4*CZ6*DE6)^0.5)/(2*CZ6) -> 531.24397 | DG6: =IF(DD6>fy,(0.85*fc*DF6*BJ6+CG6*(fy-0.85*fc)-CG6*fy),(0.85*fc*DF6*BJ6+CG6*(DD6-0.85*fc)-CG6*fy))/1000 -> 3783.919 | DI6: =0.425*fc*BK6 -> 5950 | DJ6: =2*DI6*(CR6-CQ6) -> -1782686.5 | DK6: =CG6*(fy-0.85*fc)*(CR6-CQ6+60)-CG6*fy*CR6 -> -28283111 | DL6: =(-DJ6+(DJ6^2-4*DI6*DK6)^0.5)/(2*DI6) -> 314.71519 | DM6: =600*(DL6/0.85-60)*0.85/DC6 -> 297.84642 | DN6: =IF(DM6>fy,DK6,CG6*(DM6-0.85*fc)*(CR6-CQ6+60)-CG6*fy*CR6) -> -24059633 | DO6: =(-DJ6+(DJ6^2-4*DI6*DN6)^0.5)/(2*DI6) -> 312.54879 | DP6: =IF(DM6>fy,(0.85*fc*DO6*BK6+CG6*(fy-0.85*fc)-CG6*fy),(0.85*fc*DO6*BK6+CG6*(DM6-0.85*fc)-CG6*fy))/1000 -> 3663.1385 | DT6: =B6 -> C3 | DU6: =AZ6 -> 10 | DV6: =BA6 -> φ | DW6: =BB6 -> 14
A7: MIDAH | B7: C7 | C7: 59 | D7: 300 | E7: 500 | F7: 1600 | G7: 696.09 | H7: 30.14 | I7: 0 | J7: 9.64 | K7: 0 | L7: =(0.9*F7)/(0.3*E7) -> 9.6 | M7: =IF(P7>Q7,(34-12*I7/H7),(34-12*H7/I7)) -> 34 | N7: =IF(L7<=M7,"sho.col","long.col") -> sho.col | P7: =ABS(H7) -> 30.14 | Q7: =ABS(I7) -> 0 | R7: =ABS(J7) -> 9.64 | S7: =ABS(K7) -> 0 | W7: L | X7: 0 | Y7: 1100 | Z7: =D5 -> 300 | AA7: =E5 -> 500 | AB7: =F5 -> 1600 | AC7: =(Z7*AA7^3/12)/AB7 -> 1953125 | AI7: 7 , 225 , 157 | AJ7: =B7 -> C7 | AL7: 300 | AM7: 500 | AN7: =AM7-60 -> 440 | AO7: =G7 -> 696.09 | AP7: =P7 -> 30.14 | AQ7: =R7 -> 9.64 | AR7: =AP7+(AQ7*AM7/AL7*((1-AS$2)/AS$2)) -> 38.791282 | AS7: =AQ7+(AP7*AL7/AM7*((1-AS$2)/AS$2)) -> 19.377538 | AT7: =MAX(AR7:AS7) -> 38.791282 | AU7: =AT7/AO7 -> 0.055727395 | AV7: =IF(AU7<=1,"Compression","Tention") -> Compression | AW7: =IF(MAX(AP7*1000/AO7,AQ7*1000/AO7)>0.1*AM7,IF(IF(AV7="Compression",2*(0.5+AU7*10^3/(AN7-BD$2))*(-AL7*AM$2*AM7/(1.18+3*AU7*10^3*AM7/AN7^2)+AO7*10^3/AU$2)/AO$2,2*AO7*1000*(AU7*1000-0.5*AM7+0.2*AN7)/(AU$2*fy*(AN7-BD$2)))<0.01*AL7*AM7,(0.01*AL7*AM7),IF(AV7="Compression",2*(0.5+AU7*10^3/(AN7-60))*(-AL7*AM$2*AM7/(1.18+3*AU7*10^3*AM7/AN7^2)+AO7*10^3/AU$2)/AO$2,2*AO7*1000*(AU7*1000-0.5*AM7+0.2*AN7)/(AU$2*fy*(AN7-BD$2)))),MAX((AO7*1000/(0.8*AU$2)-0.85*fc*AL7*AM7)/(fy-0.85*fc),0.01*AL7*AM7)) -> 1500 | AX7: =AW7/4 -> 375 | AY7: =AW7/(AL7*AM7) -> 0.01 | AZ7: =EVEN(AW7/(PI()*BB7^2/4)) -> 10 | BA7: φ | BB7: 14 | BC7: 15.07 | BD7: =MIN(fc^0.5*AL7*AN7/(6*1000),fc^0.5*(AL7-60)*AM7/(6*1000)) -> 105.83005 | BE7: =(BC7-BF$2*BD7)/BF$2 -> -85.736719 | BF7: =FLOOR(MIN(AL7/2,MIN((3*AZ$2*BI$2/AM7),(16*AZ$2*BI$2/(fc^0.5*AM7))),(8*BB7),(24*AX$2),300),10) -> 110 | BG7: =MAX(MAX(AL7,AM7),(F7/6),450) -> 500 | BH7: =IF(BC7<0.5*BD7*BF$2,"No Need Shear Reinf.",IF(BC7<=BD7*BF$2,BF7,IF(BE7>4*BD7,"Increase b & d",FLOOR(AZ$2*BI$2*AN7/(BE7*1000),50)))) -> No Need Shear Reinf. | BI7: =IF(BH7="No Need Shear Reinf.","Use Φ"&AX$2&"@"&MIN(BF7,BH7)&"mm",IF(BH7="Increase b & d","Increase b & d","Use Φ"&AX$2&"@"&MIN(BF7,BH7)&"mm")) -> Use Φ10@110mm | BJ7: =AL7 -> 300 | BK7: =AM7 -> 500 | BL7: =0.85*(600*AN7)/(600+fy) -> 220 | BM7: =0.85*(600*(BJ7-60))/(600+fy) -> 120 | BN7: =600*(BL7/0.85-60)*0.85/BL7 -> 460.90909 | BO7: =600*(BM7/0.85-60)*0.85/BM7 -> 345 | BP7: =IF(BN7>fy,(0.85*fc*BL7*BJ7+CG7*(fy-0.85*fc)-CG7*fy),(0.85*fc*BL7*BJ7+CG7*(BN7-0.85*fc)-CG7*fy))/1000 -> 1561.637 | BQ7: =IF(BO7>fy,(0.85*fc*BM7*BK7+CG7*(fy-0.85*fc)-CG7*fy),(0.85*fc*BM7*BK7+CG7*(BO7-0.85*fc)-CG7*fy))/1000 -> 1389.962 | BR7: =IF(BN7>fy,(0.85*fc*BL7*BJ7*(BK7/2-BL7/2)+CG7*(fy-0.85*fc)*(BK7/2-60)+CG7*fy*(BK7/2-60)),(0.85*fc*BL7*BJ7*(AN7-BL7/2-60)+CG7*(BN7-0.85*fc)*(BK7/2-60)+CG7*fy*(BK7/2-60)))/1000000 -> 279.61703 | BS7: =IF(BO7>fy,(0.85*fc*BM7*BK7*((BJ7-60)-BM7/2-60)+CG7*(fy-0.85*AM$2)*(BJ7/2-60)-CG7*fy*(BJ7/2-60)),(0.85*fc*BM7*BK7*((BJ7-60)-BM7/2-60)+CG7*(BO7-0.85*fc)*(BJ7/2-60)-CG7*fy*(BJ7/2-60)))/1000000 -> 167.93658 | BT7: =BR7/BP7 -> 0.17905379 | BU7: =BS7/BQ7 -> 0.12082099 | BV7: =AP7/AO7 -> 0.043298999 | BW7: =AQ7/AO7 -> 0.013848784 | BX7: =IF(BT7>BV7,"Compression Controls","Tension Controls") -> Compression Controls | BY7: =IF(BU7>BW7,"Compression Controls","Tension Controls") -> Compression Controls | BZ7: =IF(BX7="Compression Controls",CO7,DG7) -> 3207.0467 | CA7: =IF(BY7="Compression Controls",CX7,DP7) -> 3492.017 | CB7: =(0.85*fc*BJ7*BK7+CG7*4*(fy-0.85*fc))/1000 -> 4180.148 | CC7: =IF(MAX(AP7*1000/AO7,AQ7*1000/AO7)>0.1*AM7,AU$2/(1/BZ7+1/CA7-1/CB7),AU$2*0.8*CB7) -> 2173.677 | CD7: =IF(CC7>=AO7,"Safe ","Unsafe") -> Safe | CG7: =(AZ7*0.25*22/7*BB7^2)/4 -> 385 | CH7: =BK7-60 -> 440 | CI7: =BV7*1000+BK7/2-60 -> 233.299 | CJ7: =0.85*fc*BJ7/(2*CI7) -> 15.302252 | CK7: =0.85*fc*BJ7*(1-CH7/CI7) -> -6325.9815 | CL7: =(600*CG7+CG7*(fy-0.85*fc)*(1-(CH7-60)/CI7)) -> 135083.04 | CM7: =-510*CH7*CG7 -> -86394000 | CN7: =(((CK7*CL7/(6*CJ7^2)-(CK7/(3*CJ7))^3-CM7/(2*CJ7))^2+(-(CK7^2/(9*CJ7^2))+CL7/(3*CJ7))^3)^0.5+CK7*CL7/(6*CJ7^2)-CK7^3/(27*CJ7^3)-CM7/(2*CJ7))^(1/3)+(-(((CK7*CL7/(6*CJ7^2)-(CK7/(3*CJ7))^3-CM7/(2*CJ7))^2+(-(CK7^2/(9*CJ7^2))+CL7/(3*CJ7))^3)^0.5)+CK7*CL7/(6*CJ7^2)-CK7^3/(27*CJ7^3)-CM7/(2*CJ7))^(1/3)-CK7/(3*CJ7) -> 423.98807 | CO7: =((0.85*fc*CN7*BJ7)+(CG7*(fy-0.85*fc))-(CG7*600*((0.85*CH7)-CN7)/CN7))/1000 -> 3207.0467 | CQ7: =BJ7-60 -> 240 | CR7: =BW7*1000+BJ7/2-60 -> 103.84878 | CS7: =0.85*fc*BK7/(2*CR7) -> 57.294845 | CT7: =0.85*fc*BK7*(1-CQ7/CR7) -> -15601.526 | CU7: =(600*CG7+CG7*(fy-0.85*fc)*(1-(CQ7-60)/CR7)) -> 119146.23 | CV7: =-510*CQ7*CG7 -> -47124000 | CW7: =(((CT7*CU7/(6*CS7^2)-(CT7/(3*CS7))^3-CV7/(2*CS7))^2+(-(CT7^2/(9*CS7^2))+CU7/(3*CS7))^3)^0.5+CT7*CU7/(6*CS7^2)-CT7^3/(27*CS7^3)-CV7/(2*CS7))^(1/3)+(-(((CT7*CU7/(6*CS7^2)-(CT7/(3*CS7))^3-CV7/(2*CS7))^2+(-(CT7^2/(9*CS7^2))+CU7/(3*CS7))^3)^0.5)+CT7*CU7/(6*CS7^2)-CT7^3/(27*CS7^3)-CV7/(2*CS7))^(1/3)-CT7/(3*CS7) -> 275.58618 | CX7: =((0.85*fc*CW7*BK7)+(CG7*(fy-0.85*fc))-(CG7*600*((0.85*CQ7)-CW7)/CW7))/1000 -> 3492.017 | CZ7: =0.425*fc*BJ7 -> 3570 | DA7: =2*CZ7*(CI7-CH7) -> -1475845.1 | DB7: =CG7*(fy-0.85*fc)*(CI7-CH7+60)-CG7*fy*CI7 -> -60101779 | DC7: =(-DA7+(DA7^2-4*CZ7*DB7)^0.5)/(2*CZ7) -> 450.75127 | DD7: =600*(DC7/0.85-60)*0.85/DC7 -> 532.11334 | DE7: =IF(DD7>fy,DB7,CG7*(DD7-0.85*fc)*(CI7-CH7+60)-CG7*fy*CI7) -> -60101779 | DF7: =(-DA7+(DA7^2-4*CZ7*DE7)^0.5)/(2*CZ7) -> 450.75127 | DG7: =IF(DD7>fy,(0.85*fc*DF7*BJ7+CG7*(fy-0.85*fc)-CG7*fy),(0.85*fc*DF7*BJ7+CG7*(DD7-0.85*fc)-CG7*fy))/1000 -> 3209.2011 | DI7: =0.425*fc*BK7 -> 5950 | DJ7: =2*DI7*(CR7-CQ7) -> -1620199.5 | DK7: =CG7*(fy-0.85*fc)*(CR7-CQ7+60)-CG7*fy*CR7 -> -28408226 | DL7: =(-DJ7+(DJ7^2-4*DI7*DK7)^0.5)/(2*DI7) -> 288.83273 | DM7: =600*(DL7/0.85-60)*0.85/DC7 -> 316.58178 | DN7: =IF(DM7>fy,DK7,CG7*(DM7-0.85*fc)*(CR7-CQ7+60)-CG7*fy*CR7) -> -25376188 | DO7: =(-DJ7+(DJ7^2-4*DI7*DN7)^0.5)/(2*DI7) -> 287.15472 | DP7: =IF(DM7>fy,(0.85*fc*DO7*BK7+CG7*(fy-0.85*fc)-CG7*fy),(0.85*fc*DO7*BK7+CG7*(DM7-0.85*fc)-CG7*fy))/1000 -> 3368.1622 | DT7: =B7 -> C7 | DU7: =AZ7 -> 10 | DV7: =BA7 -> φ | DW7: =BB7 -> 14
A8: MIDAH | B8: C8 | C8: 23 | D8: 200 | E8: 500 | F8: 1600 | G8: 742.05 | H8: 5.71 | I8: 0 | J8: 10.66 | K8: 0 | L8: =(0.9*F8)/(0.3*E8) -> 9.6 | M8: =IF(P8>Q8,(34-12*I8/H8),(34-12*H8/I8)) -> 34 | N8: =IF(L8<=M8,"sho.col","long.col") -> sho.col | P8: =ABS(H8) -> 5.71 | Q8: =ABS(I8) -> 0 | R8: =ABS(J8) -> 10.66 | S8: =ABS(K8) -> 0 | W8: I/L | X8: 0 | Y8: =(Y5*Y6^3/12)/Y7 -> 969696.97 | AI8: 8 , 226 , 158 | AJ8: =B8 -> C8 | AL8: 200 | AM8: 500 | AN8: =AM8-60 -> 440 | AO8: =G8 -> 742.05 | AP8: =P8 -> 5.71 | AQ8: =R8 -> 10.66 | AR8: =AP8+(AQ8*AM8/AL8*((1-AS$2)/AS$2)) -> 20.06 | AS8: =AQ8+(AP8*AL8/AM8*((1-AS$2)/AS$2)) -> 11.889846 | AT8: =MAX(AR8:AS8) -> 20.06 | AU8: =AT8/AO8 -> 0.027033219 | AV8: =IF(AU8<=1,"Compression","Tention") -> Compression | AW8: =IF(MAX(AP8*1000/AO8,AQ8*1000/AO8)>0.1*AM8,IF(IF(AV8="Compression",2*(0.5+AU8*10^3/(AN8-BD$2))*(-AL8*AM$2*AM8/(1.18+3*AU8*10^3*AM8/AN8^2)+AO8*10^3/AU$2)/AO$2,2*AO8*1000*(AU8*1000-0.5*AM8+0.2*AN8)/(AU$2*fy*(AN8-BD$2)))<0.01*AL8*AM8,(0.01*AL8*AM8),IF(AV8="Compression",2*(0.5+AU8*10^3/(AN8-60))*(-AL8*AM$2*AM8/(1.18+3*AU8*10^3*AM8/AN8^2)+AO8*10^3/AU$2)/AO$2,2*AO8*1000*(AU8*1000-0.5*AM8+0.2*AN8)/(AU$2*fy*(AN8-BD$2)))),MAX((AO8*1000/(0.8*AU$2)-0.85*fc*AL8*AM8)/(fy-0.85*fc),0.01*AL8*AM8)) -> 1000 | AX8: =AW8/4 -> 250 | AY8: =AW8/(AL8*AM8) -> 0.01 | AZ8: =EVEN(AW8/(PI()*BB8^2/4)) -> 8 | BA8: φ | BB8: 14 | BC8: 5.33 | BD8: =MIN(fc^0.5*AL8*AN8/(6*1000),fc^0.5*(AL8-60)*AM8/(6*1000)) -> 61.734197 | BE8: =(BC8-BF$2*BD8)/BF$2 -> -54.627531 | BF8: =FLOOR(MIN(AL8/2,MIN((3*AZ$2*BI$2/AM8),(16*AZ$2*BI$2/(fc^0.5*AM8))),(8*BB8),(24*AX$2),300),10) -> 100 | BG8: =MAX(MAX(AL8,AM8),(F8/6),450) -> 500 | BH8: =IF(BC8<0.5*BD8*BF$2,"No Need Shear Reinf.",IF(BC8<=BD8*BF$2,BF8,IF(BE8>4*BD8,"Increase b & d",FLOOR(AZ$2*BI$2*AN8/(BE8*1000),50)))) -> No Need Shear Reinf. | BI8: =IF(BH8="No Need Shear Reinf.","Use Φ"&AX$2&"@"&MIN(BF8,BH8)&"mm",IF(BH8="Increase b & d","Increase b & d","Use Φ"&AX$2&"@"&MIN(BF8,BH8)&"mm")) -> Use Φ10@100mm | BJ8: =AL8 -> 200 | BK8: =AM8 -> 500 | BL8: =0.85*(600*AN8)/(600+fy) -> 220 | BM8: =0.85*(600*(BJ8-60))/(600+fy) -> 70 | BN8: =600*(BL8/0.85-60)*0.85/BL8 -> 460.90909 | BO8: =600*(BM8/0.85-60)*0.85/BM8 -> 162.85714 | BP8: =IF(BN8>fy,(0.85*fc*BL8*BJ8+CG8*(fy-0.85*fc)-CG8*fy),(0.85*fc*BL8*BJ8+CG8*(BN8-0.85*fc)-CG8*fy))/1000 -> 1039.8696 | BQ8: =IF(BO8>fy,(0.85*fc*BM8*BK8+CG8*(fy-0.85*fc)-CG8*fy),(0.85*fc*BM8*BK8+CG8*(BO8-0.85*fc)-CG8*fy))/1000 -> 746.4696 | BR8: =IF(BN8>fy,(0.85*fc*BL8*BJ8*(BK8/2-BL8/2)+CG8*(fy-0.85*fc)*(BK8/2-60)+CG8*fy*(BK8/2-60)),(0.85*fc*BL8*BJ8*(AN8-BL8/2-60)+CG8*(BN8-0.85*fc)*(BK8/2-60)+CG8*fy*(BK8/2-60)))/1000000 -> 194.37202 | BS8: =IF(BO8>fy,(0.85*fc*BM8*BK8*((BJ8-60)-BM8/2-60)+CG8*(fy-0.85*AM$2)*(BJ8/2-60)-CG8*fy*(BJ8/2-60)),(0.85*fc*BM8*BK8*((BJ8-60)-BM8/2-60)+CG8*(BO8-0.85*fc)*(BJ8/2-60)-CG8*fy*(BJ8/2-60)))/1000000 -> 34.023784 | BT8: =BR8/BP8 -> 0.18691961 | BU8: =BS8/BQ8 -> 0.045579598 | BV8: =AP8/AO8 -> 0.0076948993 | BW8: =AQ8/AO8 -> 0.014365609 | BX8: =IF(BT8>BV8,"Compression Controls","Tension Controls") -> Compression Controls | BY8: =IF(BU8>BW8,"Compression Controls","Tension Controls") -> Compression Controls | BZ8: =IF(BX8="Compression Controls",CO8,DG8) -> 2527.7059 | CA8: =IF(BY8="Compression Controls",CX8,DP8) -> 2217.2665 | CB8: =(0.85*fc*BJ8*BK8+CG8*4*(fy-0.85*fc))/1000 -> 2868.1184 | CC8: =IF(MAX(AP8*1000/AO8,AQ8*1000/AO8)>0.1*AM8,AU$2/(1/BZ8+1/CA8-1/CB8),AU$2*0.8*CB8) -> 1491.4216 | CD8: =IF(CC8>=AO8,"Safe ","Unsafe") -> Safe | CG8: =(AZ8*0.25*22/7*BB8^2)/4 -> 308 | CH8: =BK8-60 -> 440 | CI8: =BV8*1000+BK8/2-60 -> 197.6949 | CJ8: =0.85*fc*BJ8/(2*CI8) -> 12.038753 | CK8: =0.85*fc*BJ8*(1-CH8/CI8) -> -5834.1024 | CL8: =(600*CG8+CG8*(fy-0.85*fc)*(1-(CH8-60)/CI8)) -> 72269.942 | CM8: =-510*CH8*CG8 -> -69115200 | CN8: =(((CK8*CL8/(6*CJ8^2)-(CK8/(3*CJ8))^3-CM8/(2*CJ8))^2+(-(CK8^2/(9*CJ8^2))+CL8/(3*CJ8))^3)^0.5+CK8*CL8/(6*CJ8^2)-CK8^3/(27*CJ8^3)-CM8/(2*CJ8))^(1/3)+(-(((CK8*CL8/(6*CJ8^2)-(CK8/(3*CJ8))^3-CM8/(2*CJ8))^2+(-(CK8^2/(9*CJ8^2))+CL8/(3*CJ8))^3)^0.5)+CK8*CL8/(6*CJ8^2)-CK8^3/(27*CJ8^3)-CM8/(2*CJ8))^(1/3)-CK8/(3*CJ8) -> 495.8535 | CO8: =((0.85*fc*CN8*BJ8)+(CG8*(fy-0.85*fc))-(CG8*600*((0.85*CH8)-CN8)/CN8))/1000 -> 2527.7059 | CQ8: =BJ8-60 -> 140 | CR8: =BW8*1000+BJ8/2-60 -> 54.365609 | CS8: =0.85*fc*BK8/(2*CR8) -> 109.44419 | CT8: =0.85*fc*BK8*(1-CQ8/CR8) -> -18744.373 | CU8: =(600*CG8+CG8*(fy-0.85*fc)*(1-(CQ8-60)/CR8)) -> 127260.78 | CV8: =-510*CQ8*CG8 -> -21991200 | CW8: =(((CT8*CU8/(6*CS8^2)-(CT8/(3*CS8))^3-CV8/(2*CS8))^2+(-(CT8^2/(9*CS8^2))+CU8/(3*CS8))^3)^0.5+CT8*CU8/(6*CS8^2)-CT8^3/(27*CS8^3)-CV8/(2*CS8))^(1/3)+(-(((CT8*CU8/(6*CS8^2)-(CT8/(3*CS8))^3-CV8/(2*CS8))^2+(-(CT8^2/(9*CS8^2))+CU8/(3*CS8))^3)^0.5)+CT8*CU8/(6*CS8^2)-CT8^3/(27*CS8^3)-CV8/(2*CS8))^(1/3)-CT8/(3*CS8) -> 171.32729 | CX8: =((0.85*fc*CW8*BK8)+(CG8*(fy-0.85*fc))-(CG8*600*((0.85*CQ8)-CW8)/CW8))/1000 -> 2217.2665 | CZ8: =0.425*fc*BJ8 -> 2380 | DA8: =2*CZ8*(CI8-CH8) -> -1153372.3 | DB8: =CG8*(fy-0.85*fc)*(CI8-CH8+60)-CG8*fy*CI8 -> -47820431 | DC8: =(-DA8+(DA8^2-4*CZ8*DB8)^0.5)/(2*CZ8) -> 523.02628 | DD8: =600*(DC8/0.85-60)*0.85/DC8 -> 541.49434 | DE8: =IF(DD8>fy,DB8,CG8*(DD8-0.85*fc)*(CI8-CH8+60)-CG8*fy*CI8) -> -47820431 | DF8: =(-DA8+(DA8^2-4*CZ8*DE8)^0.5)/(2*CZ8) -> 523.02628 | DG8: =IF(DD8>fy,(0.85*fc*DF8*BJ8+CG8*(fy-0.85*fc)-CG8*fy),(0.85*fc*DF8*BJ8+CG8*(DD8-0.85*fc)-CG8*fy))/1000 -> 2482.2747 | DI8: =0.425*fc*BK8 -> 5950 | DJ8: =2*DI8*(CR8-CQ8) -> -1019049.3 | DK8: =CG8*(fy-0.85*fc)*(CR8-CQ8+60)-CG8*fy*CR8 -> -10160890 | DL8: =(-DJ8+(DJ8^2-4*DI8*DK8)^0.5)/(2*DI8) -> 180.71836 | DM8: =600*(DL8/0.85-60)*0.85/DC8 -> 148.809 | DN8: =IF(DM8>fy,DK8,CG8*(DM8-0.85*fc)*(CR8-CQ8+60)-CG8*fy*CR8) -> -8019730.3 | DO8: =(-DJ8+(DJ8^2-4*DI8*DN8)^0.5)/(2*DI8) -> 178.80683 | DP8: =IF(DM8>fy,(0.85*fc*DO8*BK8+CG8*(fy-0.85*fc)-CG8*fy),(0.85*fc*DO8*BK8+CG8*(DM8-0.85*fc)-CG8*fy))/1000 -> 2036.944 | DT8: =B8 -> C8 | DU8: =AZ8 -> 8 | DV8: =BA8 -> φ | DW8: =BB8 -> 14
A9: MIDAH | B9: C9 | C9: 26 | D9: 300 | E9: 600 | F9: 1600 | G9: 842.21 | H9: 6.51 | I9: 0 | J9: -7.5 | K9: 0 | L9: =(0.9*F9)/(0.3*E9) -> 8 | M9: =IF(P9>Q9,(34-12*I9/H9),(34-12*H9/I9)) -> 34 | N9: =IF(L9<=M9,"sho.col","long.col") -> sho.col | P9: =ABS(H9) -> 6.51 | Q9: =ABS(I9) -> 0 | R9: =ABS(J9) -> 7.5 | S9: =ABS(K9) -> 0 | V9: Bottom | W9: B | X9: 0 | AC9: 0 | AD9: 1 | AI9: 9 , 227 ,159 | AJ9: =B9 -> C9 | AL9: 300 | AM9: 600 | AN9: =AM9-60 -> 540 | AO9: =G9 -> 842.21 | AP9: =P9 -> 6.51 | AQ9: =R9 -> 7.5 | AR9: =AP9+(AQ9*AM9/AL9*((1-AS$2)/AS$2)) -> 14.586923 | AS9: =AQ9+(AP9*AL9/AM9*((1-AS$2)/AS$2)) -> 9.2526923 | AT9: =MAX(AR9:AS9) -> 14.586923 | AU9: =AT9/AO9 -> 0.017319817 | AV9: =IF(AU9<=1,"Compression","Tention") -> Compression | AW9: =IF(MAX(AP9*1000/AO9,AQ9*1000/AO9)>0.1*AM9,IF(IF(AV9="Compression",2*(0.5+AU9*10^3/(AN9-BD$2))*(-AL9*AM$2*AM9/(1.18+3*AU9*10^3*AM9/AN9^2)+AO9*10^3/AU$2)/AO$2,2*AO9*1000*(AU9*1000-0.5*AM9+0.2*AN9)/(AU$2*fy*(AN9-BD$2)))<0.01*AL9*AM9,(0.01*AL9*AM9),IF(AV9="Compression",2*(0.5+AU9*10^3/(AN9-60))*(-AL9*AM$2*AM9/(1.18+3*AU9*10^3*AM9/AN9^2)+AO9*10^3/AU$2)/AO$2,2*AO9*1000*(AU9*1000-0.5*AM9+0.2*AN9)/(AU$2*fy*(AN9-BD$2)))),MAX((AO9*1000/(0.8*AU$2)-0.85*fc*AL9*AM9)/(fy-0.85*fc),0.01*AL9*AM9)) -> 1800 | AX9: =AW9/4 -> 450 | AY9: =AW9/(AL9*AM9) -> 0.01 | AZ9: =EVEN(AW9/(PI()*BB9^2/4)) -> 12 | BA9: φ | BB9: 14 | BC9: 3.75 | BD9: =MIN(fc^0.5*AL9*AN9/(6*1000),fc^0.5*(AL9-60)*AM9/(6*1000)) -> 126.99606 | BE9: =(BC9-BF$2*BD9)/BF$2 -> -121.99606 | BF9: =FLOOR(MIN(AL9/2,MIN((3*AZ$2*BI$2/AM9),(16*AZ$2*BI$2/(fc^0.5*AM9))),(8*BB9),(24*AX$2),300),10) -> 110 | BG9: =MAX(MAX(AL9,AM9),(F9/6),450) -> 600 | BH9: =IF(BC9<0.5*BD9*BF$2,"No Need Shear Reinf.",IF(BC9<=BD9*BF$2,BF9,IF(BE9>4*BD9,"Increase b & d",FLOOR(AZ$2*BI$2*AN9/(BE9*1000),50)))) -> No Need Shear Reinf. | BI9: =IF(BH9="No Need Shear Reinf.","Use Φ"&AX$2&"@"&MIN(BF9,BH9)&"mm",IF(BH9="Increase b & d","Increase b & d","Use Φ"&AX$2&"@"&MIN(BF9,BH9)&"mm")) -> Use Φ10@110mm | BJ9: =AL9 -> 300 | BK9: =AM9 -> 600 | BL9: =0.85*(600*AN9)/(600+fy) -> 270 | BM9: =0.85*(600*(BJ9-60))/(600+fy) -> 120 | BN9: =600*(BL9/0.85-60)*0.85/BL9 -> 486.66667 | BO9: =600*(BM9/0.85-60)*0.85/BM9 -> 345 | BP9: =IF(BN9>fy,(0.85*fc*BL9*BJ9+CG9*(fy-0.85*fc)-CG9*fy),(0.85*fc*BL9*BJ9+CG9*(BN9-0.85*fc)-CG9*fy))/1000 -> 1916.8044 | BQ9: =IF(BO9>fy,(0.85*fc*BM9*BK9+CG9*(fy-0.85*fc)-CG9*fy),(0.85*fc*BM9*BK9+CG9*(BO9-0.85*fc)-CG9*fy))/1000 -> 1667.9544 | BR9: =IF(BN9>fy,(0.85*fc*BL9*BJ9*(BK9/2-BL9/2)+CG9*(fy-0.85*fc)*(BK9/2-60)+CG9*fy*(BK9/2-60)),(0.85*fc*BL9*BJ9*(AN9-BL9/2-60)+CG9*(BN9-0.85*fc)*(BK9/2-60)+CG9*fy*(BK9/2-60)))/1000000 -> 408.58726 | BS9: =IF(BO9>fy,(0.85*fc*BM9*BK9*((BJ9-60)-BM9/2-60)+CG9*(fy-0.85*AM$2)*(BJ9/2-60)-CG9*fy*(BJ9/2-60)),(0.85*fc*BM9*BK9*((BJ9-60)-BM9/2-60)+CG9*(BO9-0.85*fc)*(BJ9/2-60)-CG9*fy*(BJ9/2-60)))/1000000 -> 201.5239 | BT9: =BR9/BP9 -> 0.21316064 | BU9: =BS9/BQ9 -> 0.12082099 | BV9: =AP9/AO9 -> 0.0077296636 | BW9: =AQ9/AO9 -> 0.0089051424 | BX9: =IF(BT9>BV9,"Compression Controls","Tension Controls") -> Compression Controls | BY9: =IF(BU9>BW9,"Compression Controls","Tension Controls") -> Compression Controls | BZ9: =IF(BX9="Compression Controls",CO9,DG9) -> 4509.9912 | CA9: =IF(BY9="Compression Controls",CX9,DP9) -> 4341.009 | CB9: =(0.85*fc*BJ9*BK9+CG9*4*(fy-0.85*fc))/1000 -> 5016.1776 | CC9: =IF(MAX(AP9*1000/AO9,AQ9*1000/AO9)>0.1*AM9,AU$2/(1/BZ9+1/CA9-1/CB9),AU$2*0.8*CB9) -> 2608.4124 | CD9: =IF(CC9>=AO9,"Safe ","Unsafe") -> Safe | CG9: =(AZ9*0.25*22/7*BB9^2)/4 -> 462 | CH9: =BK9-60 -> 540 | CI9: =BV9*1000+BK9/2-60 -> 247.72966 | CJ9: =0.85*fc*BJ9/(2*CI9) -> 14.41087 | CK9: =0.85*fc*BJ9*(1-CH9/CI9) -> -8423.7397 | CL9: =(600*CG9+CG9*(fy-0.85*fc)*(1-(CH9-60)/CI9)) -> 105578.31 | CM9: =-510*CH9*CG9 -> -127234800 | CN9: =(((CK9*CL9/(6*CJ9^2)-(CK9/(3*CJ9))^3-CM9/(2*CJ9))^2+(-(CK9^2/(9*CJ9^2))+CL9/(3*CJ9))^3)^0.5+CK9*CL9/(6*CJ9^2)-CK9^3/(27*CJ9^3)-CM9/(2*CJ9))^(1/3)+(-(((CK9*CL9/(6*CJ9^2)-(CK9/(3*CJ9))^3-CM9/(2*CJ9))^2+(-(CK9^2/(9*CJ9^2))+CL9/(3*CJ9))^3)^0.5)+CK9*CL9/(6*CJ9^2)-CK9^3/(27*CJ9^3)-CM9/(2*CJ9))^(1/3)-CK9/(3*CJ9) -> 597.03874 | CO9: =((0.85*fc*CN9*BJ9)+(CG9*(fy-0.85*fc))-(CG9*600*((0.85*CH9)-CN9)/CN9))/1000 -> 4509.9912 | CQ9: =BJ9-60 -> 240 | CR9: =BW9*1000+BJ9/2-60 -> 98.905142 | CS9: =0.85*fc*BK9/(2*CR9) -> 72.190382 | CT9: =0.85*fc*BK9*(1-CQ9/CR9) -> -20371.383 | CU9: =(600*CG9+CG9*(fy-0.85*fc)*(1-(CQ9-60)/CR9)) -> 127117.21 | CV9: =-510*CQ9*CG9 -> -56548800 | CW9: =(((CT9*CU9/(6*CS9^2)-(CT9/(3*CS9))^3-CV9/(2*CS9))^2+(-(CT9^2/(9*CS9^2))+CU9/(3*CS9))^3)^0.5+CT9*CU9/(6*CS9^2)-CT9^3/(27*CS9^3)-CV9/(2*CS9))^(1/3)+(-(((CT9*CU9/(6*CS9^2)-(CT9/(3*CS9))^3-CV9/(2*CS9))^2+(-(CT9^2/(9*CS9^2))+CU9/(3*CS9))^3)^0.5)+CT9*CU9/(6*CS9^2)-CT9^3/(27*CS9^3)-CV9/(2*CS9))^(1/3)-CT9/(3*CS9) -> 285.62649 | CX9: =((0.85*fc*CW9*BK9)+(CG9*(fy-0.85*fc))-(CG9*600*((0.85*CQ9)-CW9)/CW9))/1000 -> 4341.009 | CZ9: =0.425*fc*BJ9 -> 3570 | DA9: =2*CZ9*(CI9-CH9) -> -2086810.2 | DB9: =CG9*(fy-0.85*fc)*(CI9-CH9+60)-CG9*fy*CI9 -> -90585248 | DC9: =(-DA9+(DA9^2-4*CZ9*DB9)^0.5)/(2*CZ9) -> 625.13062 | DD9: =600*(DC9/0.85-60)*0.85/DC9 -> 551.05023 | DE9: =IF(DD9>fy,DB9,CG9*(DD9-0.85*fc)*(CI9-CH9+60)-CG9*fy*CI9) -> -90585248 | DF9: =(-DA9+(DA9^2-4*CZ9*DE9)^0.5)/(2*CZ9) -> 625.13062 | DG9: =IF(DD9>fy,(0.85*fc*DF9*BJ9+CG9*(fy-0.85*fc)-CG9*fy),(0.85*fc*DF9*BJ9+CG9*(DD9-0.85*fc)-CG9*fy))/1000 -> 4452.437 | DI9: =0.425*fc*BK9 -> 7140 | DJ9: =2*DI9*(CR9-CQ9) -> -2014834.6 | DK9: =CG9*(fy-0.85*fc)*(CR9-CQ9+60)-CG9*fy*CR9 -> -34035513 | DL9: =(-DJ9+(DJ9^2-4*DI9*DK9)^0.5)/(2*DI9) -> 298.17648 | DM9: =600*(DL9/0.85-60)*0.85/DC9 -> 237.23984 | DN9: =IF(DM9>fy,DK9,CG9*(DM9-0.85*fc)*(CR9-CQ9+60)-CG9*fy*CR9) -> -27188253 | DO9: =(-DJ9+(DJ9^2-4*DI9*DN9)^0.5)/(2*DI9) -> 295.09368 | DP9: =IF(DM9>fy,(0.85*fc*DO9*BK9+CG9*(fy-0.85*fc)-CG9*fy),(0.85*fc*DO9*BK9+CG9*(DM9-0.85*fc)-CG9*fy))/1000 -> 4118.507 | DT9: =B9 -> C9 | DU9: =AZ9 -> 12 | DV9: =BA9 -> φ | DW9: =BB9 -> 14
A10: MIDAH | B10: C11 | C10: 35 | D10: 200 | E10: 500 | F10: 1600 | G10: 480.98 | H10: 32.19 | I10: 0 | J10: 0.5 | K10: 0 | L10: =(0.9*F10)/(0.3*E10) -> 9.6 | M10: =IF(P10>Q10,(34-12*I10/H10),(34-12*H10/I10)) -> 34 | N10: =IF(L10<=M10,"sho.col","long.col") -> sho.col | P10: =ABS(H10) -> 32.19 | Q10: =ABS(I10) -> 0 | R10: =ABS(J10) -> 0.5 | S10: =ABS(K10) -> 0 | W10: H | X10: 0 | AI10: 11 , 229 ,161 | AJ10: =B10 -> C11 | AL10: 200 | AM10: 500 | AN10: =AM10-60 -> 440 | AO10: =G10 -> 480.98 | AP10: =P10 -> 32.19 | AQ10: =R10 -> 0.5 | AR10: =AP10+(AQ10*AM10/AL10*((1-AS$2)/AS$2)) -> 32.863077 | AS10: =AQ10+(AP10*AL10/AM10*((1-AS$2)/AS$2)) -> 7.4332308 | AT10: =MAX(AR10:AS10) -> 32.863077 | AU10: =AT10/AO10 -> 0.068325246 | AV10: =IF(AU10<=1,"Compression","Tention") -> Compression | AW10: =IF(MAX(AP10*1000/AO10,AQ10*1000/AO10)>0.1*AM10,IF(IF(AV10="Compression",2*(0.5+AU10*10^3/(AN10-BD$2))*(-AL10*AM$2*AM10/(1.18+3*AU10*10^3*AM10/AN10^2)+AO10*10^3/AU$2)/AO$2,2*AO10*1000*(AU10*1000-0.5*AM10+0.2*AN10)/(AU$2*fy*(AN10-BD$2)))<0.01*AL10*AM10,(0.01*AL10*AM10),IF(AV10="Compression",2*(0.5+AU10*10^3/(AN10-60))*(-AL10*AM$2*AM10/(1.18+3*AU10*10^3*AM10/AN10^2)+AO10*10^3/AU$2)/AO$2,2*AO10*1000*(AU10*1000-0.5*AM10+0.2*AN10)/(AU$2*fy*(AN10-BD$2)))),MAX((AO10*1000/(0.8*AU$2)-0.85*fc*AL10*AM10)/(fy-0.85*fc),0.01*AL10*AM10)) -> 1000 | AX10: =AW10/4 -> 250 | AY10: =AW10/(AL10*AM10) -> 0.01 | AZ10: =EVEN(AW10/(PI()*BB10^2/4)) -> 8 | BA10: φ | BB10: 14 | BC10: 16.1 | BD10: =MIN(fc^0.5*AL10*AN10/(6*1000),fc^0.5*(AL10-60)*AM10/(6*1000)) -> 61.734197 | BE10: =(BC10-BF$2*BD10)/BF$2 -> -40.267531 | BF10: =FLOOR(MIN(AL10/2,MIN((3*AZ$2*BI$2/AM10),(16*AZ$2*BI$2/(fc^0.5*AM10))),(8*BB10),(24*AX$2),300),10) -> 100 | BG10: =MAX(MAX(AL10,AM10),(F10/6),450) -> 500 | BH10: =IF(BC10<0.5*BD10*BF$2,"No Need Shear Reinf.",IF(BC10<=BD10*BF$2,BF10,IF(BE10>4*BD10,"Increase b & d",FLOOR(AZ$2*BI$2*AN10/(BE10*1000),50)))) -> No Need Shear Reinf. | BI10: =IF(BH10="No Need Shear Reinf.","Use Φ"&AX$2&"@"&MIN(BF10,BH10)&"mm",IF(BH10="Increase b & d","Increase b & d","Use Φ"&AX$2&"@"&MIN(BF10,BH10)&"mm")) -> Use Φ10@100mm | BJ10: =AL10 -> 200 | BK10: =AM10 -> 500 | BL10: =0.85*(600*AN10)/(600+fy) -> 220 | BM10: =0.85*(600*(BJ10-60))/(600+fy) -> 70 | BN10: =600*(BL10/0.85-60)*0.85/BL10 -> 460.90909 | BO10: =600*(BM10/0.85-60)*0.85/BM10 -> 162.85714 | BP10: =IF(BN10>fy,(0.85*fc*BL10*BJ10+CG10*(fy-0.85*fc)-CG10*fy),(0.85*fc*BL10*BJ10+CG10*(BN10-0.85*fc)-CG10*fy))/1000 -> 1039.8696 | BQ10: =IF(BO10>fy,(0.85*fc*BM10*BK10+CG10*(fy-0.85*fc)-CG10*fy),(0.85*fc*BM10*BK10+CG10*(BO10-0.85*fc)-CG10*fy))/1000 -> 746.4696 | BR10: =IF(BN10>fy,(0.85*fc*BL10*BJ10*(BK10/2-BL10/2)+CG10*(fy-0.85*fc)*(BK10/2-60)+CG10*fy*(BK10/2-60)),(0.85*fc*BL10*BJ10*(AN10-BL10/2-60)+CG10*(BN10-0.85*fc)*(BK10/2-60)+CG10*fy*(BK10/2-60)))/1000000 -> 194.37202 | BS10: =IF(BO10>fy,(0.85*fc*BM10*BK10*((BJ10-60)-BM10/2-60)+CG10*(fy-0.85*AM$2)*(BJ10/2-60)-CG10*fy*(BJ10/2-60)),(0.85*fc*BM10*BK10*((BJ10-60)-BM10/2-60)+CG10*(BO10-0.85*fc)*(BJ10/2-60)-CG10*fy*(BJ10/2-60)))/1000000 -> 34.023784 | BT10: =BR10/BP10 -> 0.18691961 | BU10: =BS10/BQ10 -> 0.045579598 | BV10: =AP10/AO10 -> 0.06692586 | BW10: =AQ10/AO10 -> 0.0010395443 | BX10: =IF(BT10>BV10,"Compression Controls","Tension Controls") -> Compression Controls | BY10: =IF(BU10>BW10,"Compression Controls","Tension Controls") -> Compression Controls | BZ10: =IF(BX10="Compression Controls",CO10,DG10) -> 1942.3208 | CA10: =IF(BY10="Compression Controls",CX10,DP10) -> 2568.8045 | CB10: =(0.85*fc*BJ10*BK10+CG10*4*(fy-0.85*fc))/1000 -> 2868.1184 | CC10: =IF(MAX(AP10*1000/AO10,AQ10*1000/AO10)>0.1*AM10,AU$2/(1/BZ10+1/CA10-1/CB10),AU$2*0.8*CB10) -> 1170.1728 | CD10: =IF(CC10>=AO10,"Safe ","Unsafe") -> Safe | CG10: =(AZ10*0.25*22/7*BB10^2)/4 -> 308 | CH10: =BK10-60 -> 440 | CI10: =BV10*1000+BK10/2-60 -> 256.92586 | CJ10: =0.85*fc*BJ10/(2*CI10) -> 9.2633727 | CK10: =0.85*fc*BJ10*(1-CH10/CI10) -> -3391.768 | CL10: =(600*CG10+CG10*(fy-0.85*fc)*(1-(CH10-60)/CI10)) -> 126344.66 | CM10: =-510*CH10*CG10 -> -69115200 | CN10: =(((CK10*CL10/(6*CJ10^2)-(CK10/(3*CJ10))^3-CM10/(2*CJ10))^2+(-(CK10^2/(9*CJ10^2))+CL10/(3*CJ10))^3)^0.5+CK10*CL10/(6*CJ10^2)-CK10^3/(27*CJ10^3)-CM10/(2*CJ10))^(1/3)+(-(((CK10*CL10/(6*CJ10^2)-(CK10/(3*CJ10))^3-CM10/(2*CJ10))^2+(-(CK10^2/(9*CJ10^2))+CL10/(3*CJ10))^3)^0.5)+CK10*CL10/(6*CJ10^2)-CK10^3/(27*CJ10^3)-CM10/(2*CJ10))^(1/3)-CK10/(3*CJ10) -> 381.6372 | CO10: =((0.85*fc*CN10*BJ10)+(CG10*(fy-0.85*fc))-(CG10*600*((0.85*CH10)-CN10)/CN10))/1000 -> 1942.3208 | CQ10: =BJ10-60 -> 140 | CR10: =BW10*1000+BJ10/2-60 -> 41.039544 | CS10: =0.85*fc*BK10/(2*CR10) -> 144.98212 | CT10: =0.85*fc*BK10*(1-CQ10/CR10) -> -28694.993 | CU10: =(600*CG10+CG10*(fy-0.85*fc)*(1-(CQ10-60)/CR10)) -> 68952.495 | CV10: =-510*CQ10*CG10 -> -21991200 | CW10: =(((CT10*CU10/(6*CS10^2)-(CT10/(3*CS10))^3-CV10/(2*CS10))^2+(-(CT10^2/(9*CS10^2))+CU10/(3*CS10))^3)^0.5+CT10*CU10/(6*CS10^2)-CT10^3/(27*CS10^3)-CV10/(2*CS10))^(1/3)+(-(((CT10*CU10/(6*CS10^2)-(CT10/(3*CS10))^3-CV10/(2*CS10))^2+(-(CT10^2/(9*CS10^2))+CU10/(3*CS10))^3)^0.5)+CT10*CU10/(6*CS10^2)-CT10^3/(27*CS10^3)-CV10/(2*CS10))^(1/3)-CT10/(3*CS10) -> 199.35196 | CX10: =((0.85*fc*CW10*BK10)+(CG10*(fy-0.85*fc))-(CG10*600*((0.85*CQ10)-CW10)/CW10))/1000 -> 2568.8045 | CZ10: =0.425*fc*BJ10 -> 2380 | DA10: =2*CZ10*(CI10-CH10) -> -871432.91 | DB10: =CG10*(fy-0.85*fc)*(CI10-CH10+60)-CG10*fy*CI10 -> -48254617 | DC10: =(-DA10+(DA10^2-4*CZ10*DB10)^0.5)/(2*CZ10) -> 415.00342 | DD10: =600*(DC10/0.85-60)*0.85/DC10 -> 526.26567 | DE10: =IF(DD10>fy,DB10,CG10*(DD10-0.85*fc)*(CI10-CH10+60)-CG10*fy*CI10) -> -48254617 | DF10: =(-DA10+(DA10^2-4*CZ10*DE10)^0.5)/(2*CZ10) -> 415.00342 | DG10: =IF(DD10>fy,(0.85*fc*DF10*BJ10+CG10*(fy-0.85*fc)-CG10*fy),(0.85*fc*DF10*BJ10+CG10*(DD10-0.85*fc)-CG10*fy))/1000 -> 1968.0859 | DI10: =0.425*fc*BK10 -> 5950 | DJ10: =2*DI10*(CR10-CQ10) -> -1177629.4 | DK10: =CG10*(fy-0.85*fc)*(CR10-CQ10+60)-CG10*fy*CR10 -> -10063204 | DL10: =(-DJ10+(DJ10^2-4*DI10*DK10)^0.5)/(2*DI10) -> 206.12606 | DM10: =600*(DL10/0.85-60)*0.85/DC10 -> 224.27679 | DN10: =IF(DM10>fy,DK10,CG10*(DM10-0.85*fc)*(CR10-CQ10+60)-CG10*fy*CR10) -> -7714560.9 | DO10: =(-DJ10+(DJ10^2-4*DI10*DN10)^0.5)/(2*DI10) -> 204.26827 | DP10: =IF(DM10>fy,(0.85*fc*DO10*BK10+CG10*(fy-0.85*fc)-CG10*fy),(0.85*fc*DO10*BK10+CG10*(DM10-0.85*fc)-CG10*fy))/1000 -> 2363.1793 | DT10: =B10 -> C11 | DU10: =AZ10 -> 8 | DV10: =BA10 -> φ | DW10: =BB10 -> 14
A11: MIDAH | B11: C12 | C11: 38 | D11: 200 | E11: 500 | F11: 1600 | G11: 847.58 | H11: 10.48 | I11: 0 | J11: 9.45 | K11: 0 | L11: =(0.9*F11)/(0.3*E11) -> 9.6 | M11: =IF(P11>Q11,(34-12*I11/H11),(34-12*H11/I11)) -> 34 | N11: =IF(L11<=M11,"sho.col","long.col") -> sho.col | P11: =ABS(H11) -> 10.48 | Q11: =ABS(I11) -> 0 | R11: =ABS(J11) -> 9.45 | S11: =ABS(K11) -> 0 | W11: L | X11: 0 | Z11: 0 | AA11: 0 | AB11: 0 | AC11: 0 | AI11: 12 , 230 , 162 | AJ11: =B11 -> C12 | AL11: 200 | AM11: 500 | AN11: =AM11-60 -> 440 | AO11: =G11 -> 847.58 | AP11: =P11 -> 10.48 | AQ11: =R11 -> 9.45 | AR11: =AP11+(AQ11*AM11/AL11*((1-AS$2)/AS$2)) -> 23.201154 | AS11: =AQ11+(AP11*AL11/AM11*((1-AS$2)/AS$2)) -> 11.707231 | AT11: =MAX(AR11:AS11) -> 23.201154 | AU11: =AT11/AO11 -> 0.027373409 | AV11: =IF(AU11<=1,"Compression","Tention") -> Compression | AW11: =IF(MAX(AP11*1000/AO11,AQ11*1000/AO11)>0.1*AM11,IF(IF(AV11="Compression",2*(0.5+AU11*10^3/(AN11-BD$2))*(-AL11*AM$2*AM11/(1.18+3*AU11*10^3*AM11/AN11^2)+AO11*10^3/AU$2)/AO$2,2*AO11*1000*(AU11*1000-0.5*AM11+0.2*AN11)/(AU$2*fy*(AN11-BD$2)))<0.01*AL11*AM11,(0.01*AL11*AM11),IF(AV11="Compression",2*(0.5+AU11*10^3/(AN11-60))*(-AL11*AM$2*AM11/(1.18+3*AU11*10^3*AM11/AN11^2)+AO11*10^3/AU$2)/AO$2,2*AO11*1000*(AU11*1000-0.5*AM11+0.2*AN11)/(AU$2*fy*(AN11-BD$2)))),MAX((AO11*1000/(0.8*AU$2)-0.85*fc*AL11*AM11)/(fy-0.85*fc),0.01*AL11*AM11)) -> 1000 | AX11: =AW11/4 -> 250 | AY11: =AW11/(AL11*AM11) -> 0.01 | AZ11: =EVEN(AW11/(PI()*BB11^2/4)) -> 8 | BA11: φ | BB11: 14 | BC11: 5.24 | BD11: =MIN(fc^0.5*AL11*AN11/(6*1000),fc^0.5*(AL11-60)*AM11/(6*1000)) -> 61.734197 | BE11: =(BC11-BF$2*BD11)/BF$2 -> -54.747531 | BF11: =FLOOR(MIN(AL11/2,MIN((3*AZ$2*BI$2/AM11),(16*AZ$2*BI$2/(fc^0.5*AM11))),(8*BB11),(24*AX$2),300),10) -> 100 | BG11: =MAX(MAX(AL11,AM11),(F11/6),450) -> 500 | BH11: =IF(BC11<0.5*BD11*BF$2,"No Need Shear Reinf.",IF(BC11<=BD11*BF$2,BF11,IF(BE11>4*BD11,"Increase b & d",FLOOR(AZ$2*BI$2*AN11/(BE11*1000),50)))) -> No Need Shear Reinf. | BI11: =IF(BH11="No Need Shear Reinf.","Use Φ"&AX$2&"@"&MIN(BF11,BH11)&"mm",IF(BH11="Increase b & d","Increase b & d","Use Φ"&AX$2&"@"&MIN(BF11,BH11)&"mm")) -> Use Φ10@100mm | BJ11: =AL11 -> 200 | BK11: =AM11 -> 500 | BL11: =0.85*(600*AN11)/(600+fy) -> 220 | BM11: =0.85*(600*(BJ11-60))/(600+fy) -> 70 | BN11: =600*(BL11/0.85-60)*0.85/BL11 -> 460.90909 | BO11: =600*(BM11/0.85-60)*0.85/BM11 -> 162.85714 | BP11: =IF(BN11>fy,(0.85*fc*BL11*BJ11+CG11*(fy-0.85*fc)-CG11*fy),(0.85*fc*BL11*BJ11+CG11*(BN11-0.85*fc)-CG11*fy))/1000 -> 1039.8696 | BQ11: =IF(BO11>fy,(0.85*fc*BM11*BK11+CG11*(fy-0.85*fc)-CG11*fy),(0.85*fc*BM11*BK11+CG11*(BO11-0.85*fc)-CG11*fy))/1000 -> 746.4696 | BR11: =IF(BN11>fy,(0.85*fc*BL11*BJ11*(BK11/2-BL11/2)+CG11*(fy-0.85*fc)*(BK11/2-60)+CG11*fy*(BK11/2-60)),(0.85*fc*BL11*BJ11*(AN11-BL11/2-60)+CG11*(BN11-0.85*fc)*(BK11/2-60)+CG11*fy*(BK11/2-60)))/1000000 -> 194.37202 | BS11: =IF(BO11>fy,(0.85*fc*BM11*BK11*((BJ11-60)-BM11/2-60)+CG11*(fy-0.85*AM$2)*(BJ11/2-60)-CG11*fy*(BJ11/2-60)),(0.85*fc*BM11*BK11*((BJ11-60)-BM11/2-60)+CG11*(BO11-0.85*fc)*(BJ11/2-60)-CG11*fy*(BJ11/2-60)))/1000000 -> 34.023784 | BT11: =BR11/BP11 -> 0.18691961 | BU11: =BS11/BQ11 -> 0.045579598 | BV11: =AP11/AO11 -> 0.012364615 | BW11: =AQ11/AO11 -> 0.01114939 | BX11: =IF(BT11>BV11,"Compression Controls","Tension Controls") -> Compression Controls | BY11: =IF(BU11>BW11,"Compression Controls","Tension Controls") -> Compression Controls | BZ11: =IF(BX11="Compression Controls",CO11,DG11) -> 2480.613 | CA11: =IF(BY11="Compression Controls",CX11,DP11) -> 2302.2998 | CB11: =(0.85*fc*BJ11*BK11+CG11*4*(fy-0.85*fc))/1000 -> 2868.1184 | CC11: =IF(MAX(AP11*1000/AO11,AQ11*1000/AO11)>0.1*AM11,AU$2/(1/BZ11+1/CA11-1/CB11),AU$2*0.8*CB11) -> 1491.4216 | CD11: =IF(CC11>=AO11,"Safe ","Unsafe") -> Safe | CG11: =(AZ11*0.25*22/7*BB11^2)/4 -> 308 | CH11: =BK11-60 -> 440 | CI11: =BV11*1000+BK11/2-60 -> 202.36461 | CJ11: =0.85*fc*BJ11/(2*CI11) -> 11.760949 | CK11: =0.85*fc*BJ11*(1-CH11/CI11) -> -5589.6355 | CL11: =(600*CG11+CG11*(fy-0.85*fc)*(1-(CH11-60)/CI11)) -> 77682.582 | CM11: =-510*CH11*CG11 -> -69115200 | CN11: =(((CK11*CL11/(6*CJ11^2)-(CK11/(3*CJ11))^3-CM11/(2*CJ11))^2+(-(CK11^2/(9*CJ11^2))+CL11/(3*CJ11))^3)^0.5+CK11*CL11/(6*CJ11^2)-CK11^3/(27*CJ11^3)-CM11/(2*CJ11))^(1/3)+(-(((CK11*CL11/(6*CJ11^2)-(CK11/(3*CJ11))^3-CM11/(2*CJ11))^2+(-(CK11^2/(9*CJ11^2))+CL11/(3*CJ11))^3)^0.5)+CK11*CL11/(6*CJ11^2)-CK11^3/(27*CJ11^3)-CM11/(2*CJ11))^(1/3)-CK11/(3*CJ11) -> 486.52169 | CO11: =((0.85*fc*CN11*BJ11)+(CG11*(fy-0.85*fc))-(CG11*600*((0.85*CH11)-CN11)/CN11))/1000 -> 2480.613 | CQ11: =BJ11-60 -> 140 | CR11: =BW11*1000+BJ11/2-60 -> 51.14939 | CS11: =0.85*fc*BK11/(2*CR11) -> 116.32592 | CT11: =0.85*fc*BK11*(1-CQ11/CR11) -> -20671.258 | CU11: =(600*CG11+CG11*(fy-0.85*fc)*(1-(CQ11-60)/CR11)) -> 115969.69 | CV11: =-510*CQ11*CG11 -> -21991200 | CW11: =(((CT11*CU11/(6*CS11^2)-(CT11/(3*CS11))^3-CV11/(2*CS11))^2+(-(CT11^2/(9*CS11^2))+CU11/(3*CS11))^3)^0.5+CT11*CU11/(6*CS11^2)-CT11^3/(27*CS11^3)-CV11/(2*CS11))^(1/3)+(-(((CT11*CU11/(6*CS11^2)-(CT11/(3*CS11))^3-CV11/(2*CS11))^2+(-(CT11^2/(9*CS11^2))+CU11/(3*CS11))^3)^0.5)+CT11*CU11/(6*CS11^2)-CT11^3/(27*CS11^3)-CV11/(2*CS11))^(1/3)-CT11/(3*CS11) -> 178.06482 | CX11: =((0.85*fc*CW11*BK11)+(CG11*(fy-0.85*fc))-(CG11*600*((0.85*CQ11)-CW11)/CW11))/1000 -> 2302.2998 | CZ11: =0.425*fc*BJ11 -> 2380 | DA11: =2*CZ11*(CI11-CH11) -> -1131144.4 | DB11: =CG11*(fy-0.85*fc)*(CI11-CH11+60)-CG11*fy*CI11 -> -47854662 | DC11: =(-DA11+(DA11^2-4*CZ11*DB11)^0.5)/(2*CZ11) -> 514.36192 | DD11: =600*(DC11/0.85-60)*0.85/DC11 -> 540.50882 | DE11: =IF(DD11>fy,DB11,CG11*(DD11-0.85*fc)*(CI11-CH11+60)-CG11*fy*CI11) -> -47854662 | DF11: =(-DA11+(DA11^2-4*CZ11*DE11)^0.5)/(2*CZ11) -> 514.36192 | DG11: =IF(DD11>fy,(0.85*fc*DF11*BJ11+CG11*(fy-0.85*fc)-CG11*fy),(0.85*fc*DF11*BJ11+CG11*(DD11-0.85*fc)-CG11*fy))/1000 -> 2441.0324 | DI11: =0.425*fc*BK11 -> 5950 | DJ11: =2*DI11*(CR11-CQ11) -> -1057322.3 | DK11: =CG11*(fy-0.85*fc)*(CR11-CQ11+60)-CG11*fy*CR11 -> -10137313 | DL11: =(-DJ11+(DJ11^2-4*DI11*DK11)^0.5)/(2*DI11) -> 186.82092 | DM11: =600*(DL11/0.85-60)*0.85/DC11 -> 158.43426 | DN11: =IF(DM11>fy,DK11,CG11*(DM11-0.85*fc)*(CR11-CQ11+60)-CG11*fy*CR11) -> -7813043.5 | DO11: =(-DJ11+(DJ11^2-4*DI11*DN11)^0.5)/(2*DI11) -> 184.80658 | DP11: =IF(DM11>fy,(0.85*fc*DO11*BK11+CG11*(fy-0.85*fc)-CG11*fy),(0.85*fc*DO11*BK11+CG11*(DM11-0.85*fc)-CG11*fy))/1000 -> 2111.3056 | DT11: =B11 -> C12 | DU11: =AZ11 -> 8 | DV11: =BA11 -> φ | DW11: =BB11 -> 14
A12: MIDAH | B12: C13 | C12: 41 | D12: 200 | E12: 500 | F12: 1600 | G12: 755.15 | H12: 16.11 | I12: 0 | J12: 0.29 | K12: 0 | L12: =(0.9*F12)/(0.3*E12) -> 9.6 | M12: =IF(P12>Q12,(34-12*I12/H12),(34-12*H12/I12)) -> 34 | N12: =IF(L12<=M12,"sho.col","long.col") -> sho.col | P12: =ABS(H12) -> 16.11 | Q12: =ABS(I12) -> 0 | R12: =ABS(J12) -> 0.29 | S12: =ABS(K12) -> 0 | W12: I/L | X12: 0 | AI12: 13 , 231 , 163 | AJ12: =B12 -> C13 | AL12: 200 | AM12: 500 | AN12: =AM12-60 -> 440 | AO12: =G12 -> 755.15 | AP12: =P12 -> 16.11 | AQ12: =R12 -> 0.29 | AR12: =AP12+(AQ12*AM12/AL12*((1-AS$2)/AS$2)) -> 16.500385 | AS12: =AQ12+(AP12*AL12/AM12*((1-AS$2)/AS$2)) -> 3.7598462 | AT12: =MAX(AR12:AS12) -> 16.500385 | AU12: =AT12/AO12 -> 0.021850473 | AV12: =IF(AU12<=1,"Compression","Tention") -> Compression | AW12: =IF(MAX(AP12*1000/AO12,AQ12*1000/AO12)>0.1*AM12,IF(IF(AV12="Compression",2*(0.5+AU12*10^3/(AN12-BD$2))*(-AL12*AM$2*AM12/(1.18+3*AU12*10^3*AM12/AN12^2)+AO12*10^3/AU$2)/AO$2,2*AO12*1000*(AU12*1000-0.5*AM12+0.2*AN12)/(AU$2*fy*(AN12-BD$2)))<0.01*AL12*AM12,(0.01*AL12*AM12),IF(AV12="Compression",2*(0.5+AU12*10^3/(AN12-60))*(-AL12*AM$2*AM12/(1.18+3*AU12*10^3*AM12/AN12^2)+AO12*10^3/AU$2)/AO$2,2*AO12*1000*(AU12*1000-0.5*AM12+0.2*AN12)/(AU$2*fy*(AN12-BD$2)))),MAX((AO12*1000/(0.8*AU$2)-0.85*fc*AL12*AM12)/(fy-0.85*fc),0.01*AL12*AM12)) -> 1000 | AX12: =AW12/4 -> 250 | AY12: =AW12/(AL12*AM12) -> 0.01 | AZ12: =EVEN(AW12/(PI()*BB12^2/4)) -> 8 | BA12: φ | BB12: 14 | BC12: 8.05 | BD12: =MIN(fc^0.5*AL12*AN12/(6*1000),fc^0.5*(AL12-60)*AM12/(6*1000)) -> 61.734197 | BE12: =(BC12-BF$2*BD12)/BF$2 -> -51.000864 | BF12: =FLOOR(MIN(AL12/2,MIN((3*AZ$2*BI$2/AM12),(16*AZ$2*BI$2/(fc^0.5*AM12))),(8*BB12),(24*AX$2),300),10) -> 100 | BG12: =MAX(MAX(AL12,AM12),(F12/6),450) -> 500 | BH12: =IF(BC12<0.5*BD12*BF$2,"No Need Shear Reinf.",IF(BC12<=BD12*BF$2,BF12,IF(BE12>4*BD12,"Increase b & d",FLOOR(AZ$2*BI$2*AN12/(BE12*1000),50)))) -> No Need Shear Reinf. | BI12: =IF(BH12="No Need Shear Reinf.","Use Φ"&AX$2&"@"&MIN(BF12,BH12)&"mm",IF(BH12="Increase b & d","Increase b & d","Use Φ"&AX$2&"@"&MIN(BF12,BH12)&"mm")) -> Use Φ10@100mm | BJ12: =AL12 -> 200 | BK12: =AM12 -> 500 | BL12: =0.85*(600*AN12)/(600+fy) -> 220 | BM12: =0.85*(600*(BJ12-60))/(600+fy) -> 70 | BN12: =600*(BL12/0.85-60)*0.85/BL12 -> 460.90909 | BO12: =600*(BM12/0.85-60)*0.85/BM12 -> 162.85714 | BP12: =IF(BN12>fy,(0.85*fc*BL12*BJ12+CG12*(fy-0.85*fc)-CG12*fy),(0.85*fc*BL12*BJ12+CG12*(BN12-0.85*fc)-CG12*fy))/1000 -> 1039.8696 | BQ12: =IF(BO12>fy,(0.85*fc*BM12*BK12+CG12*(fy-0.85*fc)-CG12*fy),(0.85*fc*BM12*BK12+CG12*(BO12-0.85*fc)-CG12*fy))/1000 -> 746.4696 | BR12: =IF(BN12>fy,(0.85*fc*BL12*BJ12*(BK12/2-BL12/2)+CG12*(fy-0.85*fc)*(BK12/2-60)+CG12*fy*(BK12/2-60)),(0.85*fc*BL12*BJ12*(AN12-BL12/2-60)+CG12*(BN12-0.85*fc)*(BK12/2-60)+CG12*fy*(BK12/2-60)))/1000000 -> 194.37202 | BS12: =IF(BO12>fy,(0.85*fc*BM12*BK12*((BJ12-60)-BM12/2-60)+CG12*(fy-0.85*AM$2)*(BJ12/2-60)-CG12*fy*(BJ12/2-60)),(0.85*fc*BM12*BK12*((BJ12-60)-BM12/2-60)+CG12*(BO12-0.85*fc)*(BJ12/2-60)-CG12*fy*(BJ12/2-60)))/1000000 -> 34.023784 | BT12: =BR12/BP12 -> 0.18691961 | BU12: =BS12/BQ12 -> 0.045579598 | BV12: =AP12/AO12 -> 0.02133351 | BW12: =AQ12/AO12 -> 0.00038402966 | BX12: =IF(BT12>BV12,"Compression Controls","Tension Controls") -> Compression Controls | BY12: =IF(BU12>BW12,"Compression Controls","Tension Controls") -> Compression Controls | BZ12: =IF(BX12="Compression Controls",CO12,DG12) -> 2390.4282 | CA12: =IF(BY12="Compression Controls",CX12,DP12) -> 2586.0262 | CB12: =(0.85*fc*BJ12*BK12+CG12*4*(fy-0.85*fc))/1000 -> 2868.1184 | CC12: =IF(MAX(AP12*1000/AO12,AQ12*1000/AO12)>0.1*AM12,AU$2/(1/BZ12+1/CA12-1/CB12),AU$2*0.8*CB12) -> 1491.4216 | CD12: =IF(CC12>=AO12,"Safe ","Unsafe") -> Safe | CG12: =(AZ12*0.25*22/7*BB12^2)/4 -> 308 | CH12: =BK12-60 -> 440 | CI12: =BV12*1000+BK12/2-60 -> 211.33351 | CJ12: =0.85*fc*BJ12/(2*CI12) -> 11.26182 | CK12: =0.85*fc*BJ12*(1-CH12/CI12) -> -5150.4018 | CL12: =(600*CG12+CG12*(fy-0.85*fc)*(1-(CH12-60)/CI12)) -> 87407.474 | CM12: =-510*CH12*CG12 -> -69115200 | CN12: =(((CK12*CL12/(6*CJ12^2)-(CK12/(3*CJ12))^3-CM12/(2*CJ12))^2+(-(CK12^2/(9*CJ12^2))+CL12/(3*CJ12))^3)^0.5+CK12*CL12/(6*CJ12^2)-CK12^3/(27*CJ12^3)-CM12/(2*CJ12))^(1/3)+(-(((CK12*CL12/(6*CJ12^2)-(CK12/(3*CJ12))^3-CM12/(2*CJ12))^2+(-(CK12^2/(9*CJ12^2))+CL12/(3*CJ12))^3)^0.5)+CK12*CL12/(6*CJ12^2)-CK12^3/(27*CJ12^3)-CM12/(2*CJ12))^(1/3)-CK12/(3*CJ12) -> 468.70947 | CO12: =((0.85*fc*CN12*BJ12)+(CG12*(fy-0.85*fc))-(CG12*600*((0.85*CH12)-CN12)/CN12))/1000 -> 2390.4282 | CQ12: =BJ12-60 -> 140 | CR12: =BW12*1000+BJ12/2-60 -> 40.38403 | CS12: =0.85*fc*BK12/(2*CR12) -> 147.33547 | CT12: =0.85*fc*BK12*(1-CQ12/CR12) -> -29353.932 | CU12: =(600*CG12+CG12*(fy-0.85*fc)*(1-(CQ12-60)/CR12)) -> 65091.267 | CV12: =-510*CQ12*CG12 -> -21991200 | CW12: =(((CT12*CU12/(6*CS12^2)-(CT12/(3*CS12))^3-CV12/(2*CS12))^2+(-(CT12^2/(9*CS12^2))+CU12/(3*CS12))^3)^0.5+CT12*CU12/(6*CS12^2)-CT12^3/(27*CS12^3)-CV12/(2*CS12))^(1/3)+(-(((CT12*CU12/(6*CS12^2)-(CT12/(3*CS12))^3-CV12/(2*CS12))^2+(-(CT12^2/(9*CS12^2))+CU12/(3*CS12))^3)^0.5)+CT12*CU12/(6*CS12^2)-CT12^3/(27*CS12^3)-CV12/(2*CS12))^(1/3)-CT12/(3*CS12) -> 200.73528 | CX12: =((0.85*fc*CW12*BK12)+(CG12*(fy-0.85*fc))-(CG12*600*((0.85*CQ12)-CW12)/CW12))/1000 -> 2586.0262 | CZ12: =0.425*fc*BJ12 -> 2380 | DA12: =2*CZ12*(CI12-CH12) -> -1088452.5 | DB12: =CG12*(fy-0.85*fc)*(CI12-CH12+60)-CG12*fy*CI12 -> -47920407 | DC12: =(-DA12+(DA12^2-4*CZ12*DB12)^0.5)/(2*CZ12) -> 497.78169 | DD12: =600*(DC12/0.85-60)*0.85/DC12 -> 538.52727 | DE12: =IF(DD12>fy,DB12,CG12*(DD12-0.85*fc)*(CI12-CH12+60)-CG12*fy*CI12) -> -47920407 | DF12: =(-DA12+(DA12^2-4*CZ12*DE12)^0.5)/(2*CZ12) -> 497.78169 | DG12: =IF(DD12>fy,(0.85*fc*DF12*BJ12+CG12*(fy-0.85*fc)-CG12*fy),(0.85*fc*DF12*BJ12+CG12*(DD12-0.85*fc)-CG12*fy))/1000 -> 2362.1104 | DI12: =0.425*fc*BK12 -> 5950 | DJ12: =2*DI12*(CR12-CQ12) -> -1185430 | DK12: =CG12*(fy-0.85*fc)*(CR12-CQ12+60)-CG12*fy*CR12 -> -10058399 | DL12: =(-DJ12+(DJ12^2-4*DI12*DK12)^0.5)/(2*DI12) -> 207.38345 | DM12: =600*(DL12/0.85-60)*0.85/DC12 -> 188.49642 | DN12: =IF(DM12>fy,DK12,CG12*(DM12-0.85*fc)*(CR12-CQ12+60)-CG12*fy*CR12) -> -7233657.5 | DO12: =(-DJ12+(DJ12^2-4*DI12*DN12)^0.5)/(2*DI12) -> 205.15782 | DP12: =IF(DM12>fy,(0.85*fc*DO12*BK12+CG12*(fy-0.85*fc)-CG12*fy),(0.85*fc*DO12*BK12+CG12*(DM12-0.85*fc)-CG12*fy))/1000 -> 2362.7446 | DT12: =B12 -> C13 | DU12: =AZ12 -> 8 | DV12: =BA12 -> φ | DW12: =BB12 -> 14
A13: MIDAH | B13: C14 | C13: 17 | D13: 200 | E13: 500 | F13: 1600 | G13: 489.73 | H13: 46.4 | I13: 0 | J13: 4.09 | K13: 0 | L13: =(0.9*F13)/(0.3*E13) -> 9.6 | M13: =IF(P13>Q13,(34-12*I13/H13),(34-12*H13/I13)) -> 34 | N13: =IF(L13<=M13,"sho.col","long.col") -> sho.col | P13: =ABS(H13) -> 46.4 | Q13: =ABS(I13) -> 0 | R13: =ABS(J13) -> 4.09 | S13: =ABS(K13) -> 0 | U13: C2 | V13: Top | W13: B | X13: 200 | Y13: 0 | Z13: 1000 | AA13: 1000 | AB13: 1350 | AC13: =(Z13*AA13^3/12)/AB13 -> 61728395 | AD13: =(0.7*(AC13+AC15))/(0.35*(X16+Y16)) -> 183.96884 | AE13: =MIN(MIN(1,(0.7+0.05*(AD13+AD17))),MIN(1,(0.85+0.05*MIN(AD13,AD17)))) -> 0.9 | AI13: 14 , 232 , 164 | AJ13: =B13 -> C14 | AL13: 200 | AM13: 500 | AN13: =AM13-60 -> 440 | AO13: =G13 -> 489.73 | AP13: =P13 -> 46.4 | AQ13: =R13 -> 4.09 | AR13: =AP13+(AQ13*AM13/AL13*((1-AS$2)/AS$2)) -> 51.905769 | AS13: =AQ13+(AP13*AL13/AM13*((1-AS$2)/AS$2)) -> 14.083846 | AT13: =MAX(AR13:AS13) -> 51.905769 | AU13: =AT13/AO13 -> 0.10598854 | AV13: =IF(AU13<=1,"Compression","Tention") -> Compression | AW13: =IF(MAX(AP13*1000/AO13,AQ13*1000/AO13)>0.1*AM13,IF(IF(AV13="Compression",2*(0.5+AU13*10^3/(AN13-BD$2))*(-AL13*AM$2*AM13/(1.18+3*AU13*10^3*AM13/AN13^2)+AO13*10^3/AU$2)/AO$2,2*AO13*1000*(AU13*1000-0.5*AM13+0.2*AN13)/(AU$2*fy*(AN13-BD$2)))<0.01*AL13*AM13,(0.01*AL13*AM13),IF(AV13="Compression",2*(0.5+AU13*10^3/(AN13-60))*(-AL13*AM$2*AM13/(1.18+3*AU13*10^3*AM13/AN13^2)+AO13*10^3/AU$2)/AO$2,2*AO13*1000*(AU13*1000-0.5*AM13+0.2*AN13)/(AU$2*fy*(AN13-BD$2)))),MAX((AO13*1000/(0.8*AU$2)-0.85*fc*AL13*AM13)/(fy-0.85*fc),0.01*AL13*AM13)) -> 1000 | AX13: =AW13/4 -> 250 | AY13: =AW13/(AL13*AM13) -> 0.01 | AZ13: =EVEN(AW13/(PI()*BB13^2/4)) -> 8 | BA13: φ | BB13: 14 | BC13: 23.2 | BD13: =MIN(fc^0.5*AL13*AN13/(6*1000),fc^0.5*(AL13-60)*AM13/(6*1000)) -> 61.734197 | BE13: =(BC13-BF$2*BD13)/BF$2 -> -30.800864 | BF13: =FLOOR(MIN(AL13/2,MIN((3*AZ$2*BI$2/AM13),(16*AZ$2*BI$2/(fc^0.5*AM13))),(8*BB13),(24*AX$2),300),10) -> 100 | BG13: =MAX(MAX(AL13,AM13),(F13/6),450) -> 500 | BH13: =IF(BC13<0.5*BD13*BF$2,"No Need Shear Reinf.",IF(BC13<=BD13*BF$2,BF13,IF(BE13>4*BD13,"Increase b & d",FLOOR(AZ$2*BI$2*AN13/(BE13*1000),50)))) -> 100 | BI13: =IF(BH13="No Need Shear Reinf.","Use Φ"&AX$2&"@"&MIN(BF13,BH13)&"mm",IF(BH13="Increase b & d","Increase b & d","Use Φ"&AX$2&"@"&MIN(BF13,BH13)&"mm")) -> Use Φ10@100mm | BJ13: =AL13 -> 200 | BK13: =AM13 -> 500 | BL13: =0.85*(600*AN13)/(600+fy) -> 220 | BM13: =0.85*(600*(BJ13-60))/(600+fy) -> 70 | BN13: =600*(BL13/0.85-60)*0.85/BL13 -> 460.90909 | BO13: =600*(BM13/0.85-60)*0.85/BM13 -> 162.85714 | BP13: =IF(BN13>fy,(0.85*fc*BL13*BJ13+CG13*(fy-0.85*fc)-CG13*fy),(0.85*fc*BL13*BJ13+CG13*(BN13-0.85*fc)-CG13*fy))/1000 -> 1039.8696 | BQ13: =IF(BO13>fy,(0.85*fc*BM13*BK13+CG13*(fy-0.85*fc)-CG13*fy),(0.85*fc*BM13*BK13+CG13*(BO13-0.85*fc)-CG13*fy))/1000 -> 746.4696 | BR13: =IF(BN13>fy,(0.85*fc*BL13*BJ13*(BK13/2-BL13/2)+CG13*(fy-0.85*fc)*(BK13/2-60)+CG13*fy*(BK13/2-60)),(0.85*fc*BL13*BJ13*(AN13-BL13/2-60)+CG13*(BN13-0.85*fc)*(BK13/2-60)+CG13*fy*(BK13/2-60)))/1000000 -> 194.37202 | BS13: =IF(BO13>fy,(0.85*fc*BM13*BK13*((BJ13-60)-BM13/2-60)+CG13*(fy-0.85*AM$2)*(BJ13/2-60)-CG13*fy*(BJ13/2-60)),(0.85*fc*BM13*BK13*((BJ13-60)-BM13/2-60)+CG13*(BO13-0.85*fc)*(BJ13/2-60)-CG13*fy*(BJ13/2-60)))/1000000 -> 34.023784 | BT13: =BR13/BP13 -> 0.18691961 | BU13: =BS13/BQ13 -> 0.045579598 | BV13: =AP13/AO13 -> 0.094746085 | BW13: =AQ13/AO13 -> 0.0083515406 | BX13: =IF(BT13>BV13,"Compression Controls","Tension Controls") -> Compression Controls | BY13: =IF(BU13>BW13,"Compression Controls","Tension Controls") -> Compression Controls | BZ13: =IF(BX13="Compression Controls",CO13,DG13) -> 1685.811 | CA13: =IF(BY13="Compression Controls",CX13,DP13) -> 2376.1993 | CB13: =(0.85*fc*BJ13*BK13+CG13*4*(fy-0.85*fc))/1000 -> 2868.1184 | CC13: =IF(MAX(AP13*1000/AO13,AQ13*1000/AO13)>0.1*AM13,AU$2/(1/BZ13+1/CA13-1/CB13),AU$2*0.8*CB13) -> 976.90625 | CD13: =IF(CC13>=AO13,"Safe ","Unsafe") -> Safe | CG13: =(AZ13*0.25*22/7*BB13^2)/4 -> 308 | CH13: =BK13-60 -> 440 | CI13: =BV13*1000+BK13/2-60 -> 284.74608 | CJ13: =0.85*fc*BJ13/(2*CI13) -> 8.3583239 | CK13: =0.85*fc*BJ13*(1-CH13/CI13) -> -2595.325 | CL13: =(600*CG13+CG13*(fy-0.85*fc)*(1-(CH13-60)/CI13)) -> 143978.38 | CM13: =-510*CH13*CG13 -> -69115200 | CN13: =(((CK13*CL13/(6*CJ13^2)-(CK13/(3*CJ13))^3-CM13/(2*CJ13))^2+(-(CK13^2/(9*CJ13^2))+CL13/(3*CJ13))^3)^0.5+CK13*CL13/(6*CJ13^2)-CK13^3/(27*CJ13^3)-CM13/(2*CJ13))^(1/3)+(-(((CK13*CL13/(6*CJ13^2)-(CK13/(3*CJ13))^3-CM13/(2*CJ13))^2+(-(CK13^2/(9*CJ13^2))+CL13/(3*CJ13))^3)^0.5)+CK13*CL13/(6*CJ13^2)-CK13^3/(27*CJ13^3)-CM13/(2*CJ13))^(1/3)-CK13/(3*CJ13) -> 333.27023 | CO13: =((0.85*fc*CN13*BJ13)+(CG13*(fy-0.85*fc))-(CG13*600*((0.85*CH13)-CN13)/CN13))/1000 -> 1685.811 | CQ13: =BJ13-60 -> 140 | CR13: =BW13*1000+BJ13/2-60 -> 48.351541 | CS13: =0.85*fc*BK13/(2*CR13) -> 123.05709 | CT13: =0.85*fc*BK13*(1-CQ13/CR13) -> -22555.986 | CU13: =(600*CG13+CG13*(fy-0.85*fc)*(1-(CQ13-60)/CR13)) -> 104925.63 | CV13: =-510*CQ13*CG13 -> -21991200 | CW13: =(((CT13*CU13/(6*CS13^2)-(CT13/(3*CS13))^3-CV13/(2*CS13))^2+(-(CT13^2/(9*CS13^2))+CU13/(3*CS13))^3)^0.5+CT13*CU13/(6*CS13^2)-CT13^3/(27*CS13^3)-CV13/(2*CS13))^(1/3)+(-(((CT13*CU13/(6*CS13^2)-(CT13/(3*CS13))^3-CV13/(2*CS13))^2+(-(CT13^2/(9*CS13^2))+CU13/(3*CS13))^3)^0.5)+CT13*CU13/(6*CS13^2)-CT13^3/(27*CS13^3)-CV13/(2*CS13))^(1/3)-CT13/(3*CS13) -> 183.94319 | CX13: =((0.85*fc*CW13*BK13)+(CG13*(fy-0.85*fc))-(CG13*600*((0.85*CQ13)-CW13)/CW13))/1000 -> 2376.1993 | CZ13: =0.425*fc*BJ13 -> 2380 | DA13: =2*CZ13*(CI13-CH13) -> -739008.64 | DB13: =CG13*(fy-0.85*fc)*(CI13-CH13+60)-CG13*fy*CI13 -> -48458551 | DC13: =(-DA13+(DA13^2-4*CZ13*DB13)^0.5)/(2*CZ13) -> 366.12002 | DD13: =600*(DC13/0.85-60)*0.85/DC13 -> 516.42085 | DE13: =IF(DD13>fy,DB13,CG13*(DD13-0.85*fc)*(CI13-CH13+60)-CG13*fy*CI13) -> -48458551 | DF13: =(-DA13+(DA13^2-4*CZ13*DE13)^0.5)/(2*CZ13) -> 366.12002 | DG13: =IF(DD13>fy,(0.85*fc*DF13*BJ13+CG13*(fy-0.85*fc)-CG13*fy),(0.85*fc*DF13*BJ13+CG13*(DD13-0.85*fc)-CG13*fy))/1000 -> 1735.4009 | DI13: =0.425*fc*BK13 -> 5950 | DJ13: =2*DI13*(CR13-CQ13) -> -1090616.7 | DK13: =CG13*(fy-0.85*fc)*(CR13-CQ13+60)-CG13*fy*CR13 -> -10116804 | DL13: =(-DJ13+(DJ13^2-4*DI13*DK13)^0.5)/(2*DI13) -> 192.14594 | DM13: =600*(DL13/0.85-60)*0.85/DC13 -> 231.31093 | DN13: =IF(DM13>fy,DK13,CG13*(DM13-0.85*fc)*(CR13-CQ13+60)-CG13*fy*CR13) -> -8277514.9 | DO13: =(-DJ13+(DJ13^2-4*DI13*DN13)^0.5)/(2*DI13) -> 190.59602 | DP13: =IF(DM13>fy,(0.85*fc*DO13*BK13+CG13*(fy-0.85*fc)-CG13*fy),(0.85*fc*DO13*BK13+CG13*(DM13-0.85*fc)-CG13*fy))/1000 -> 2202.646 | DT13: =B13 -> C14 | DU13: =AZ13 -> 8 | DV13: =BA13 -> φ | DW13: =BB13 -> 14
A14: MIDAH | B14: C15 | C14: 29 | D14: 200 | E14: 500 | F14: 1600 | G14: 434.54 | H14: 38.92 | I14: 0 | J14: 1.39 | K14: 0 | L14: =(0.9*F14)/(0.3*E14) -> 9.6 | M14: =IF(P14>Q14,(34-12*I14/H14),(34-12*H14/I14)) -> 34 | N14: =IF(L14<=M14,"sho.col","long.col") -> sho.col | P14: =ABS(H14) -> 38.92 | Q14: =ABS(I14) -> 0 | R14: =ABS(J14) -> 1.39 | S14: =ABS(K14) -> 0 | W14: H | X14: 600 | Y14: 0 | AI14: 15 , 233 165 | AJ14: =B14 -> C15 | AL14: 200 | AM14: 500 | AN14: =AM14-60 -> 440 | AO14: =G14 -> 434.54 | AP14: =P14 -> 38.92 | AQ14: =R14 -> 1.39 | AR14: =AP14+(AQ14*AM14/AL14*((1-AS$2)/AS$2)) -> 40.791154 | AS14: =AQ14+(AP14*AL14/AM14*((1-AS$2)/AS$2)) -> 9.7727692 | AT14: =MAX(AR14:AS14) -> 40.791154 | AU14: =AT14/AO14 -> 0.093872034 | AV14: =IF(AU14<=1,"Compression","Tention") -> Compression | AW14: =IF(MAX(AP14*1000/AO14,AQ14*1000/AO14)>0.1*AM14,IF(IF(AV14="Compression",2*(0.5+AU14*10^3/(AN14-BD$2))*(-AL14*AM$2*AM14/(1.18+3*AU14*10^3*AM14/AN14^2)+AO14*10^3/AU$2)/AO$2,2*AO14*1000*(AU14*1000-0.5*AM14+0.2*AN14)/(AU$2*fy*(AN14-BD$2)))<0.01*AL14*AM14,(0.01*AL14*AM14),IF(AV14="Compression",2*(0.5+AU14*10^3/(AN14-60))*(-AL14*AM$2*AM14/(1.18+3*AU14*10^3*AM14/AN14^2)+AO14*10^3/AU$2)/AO$2,2*AO14*1000*(AU14*1000-0.5*AM14+0.2*AN14)/(AU$2*fy*(AN14-BD$2)))),MAX((AO14*1000/(0.8*AU$2)-0.85*fc*AL14*AM14)/(fy-0.85*fc),0.01*AL14*AM14)) -> 1000 | AX14: =AW14/4 -> 250 | AY14: =AW14/(AL14*AM14) -> 0.01 | AZ14: =EVEN(AW14/(PI()*BB14^2/4)) -> 8 | BA14: φ | BB14: 14 | BC14: 19.46 | BD14: =MIN(fc^0.5*AL14*AN14/(6*1000),fc^0.5*(AL14-60)*AM14/(6*1000)) -> 61.734197 | BE14: =(BC14-BF$2*BD14)/BF$2 -> -35.787531 | BF14: =FLOOR(MIN(AL14/2,MIN((3*AZ$2*BI$2/AM14),(16*AZ$2*BI$2/(fc^0.5*AM14))),(8*BB14),(24*AX$2),300),10) -> 100 | BG14: =MAX(MAX(AL14,AM14),(F14/6),450) -> 500 | BH14: =IF(BC14<0.5*BD14*BF$2,"No Need Shear Reinf.",IF(BC14<=BD14*BF$2,BF14,IF(BE14>4*BD14,"Increase b & d",FLOOR(AZ$2*BI$2*AN14/(BE14*1000),50)))) -> No Need Shear Reinf. | BI14: =IF(BH14="No Need Shear Reinf.","Use Φ"&AX$2&"@"&MIN(BF14,BH14)&"mm",IF(BH14="Increase b & d","Increase b & d","Use Φ"&AX$2&"@"&MIN(BF14,BH14)&"mm")) -> Use Φ10@100mm | BJ14: =AL14 -> 200 | BK14: =AM14 -> 500 | BL14: =0.85*(600*AN14)/(600+fy) -> 220 | BM14: =0.85*(600*(BJ14-60))/(600+fy) -> 70 | BN14: =600*(BL14/0.85-60)*0.85/BL14 -> 460.90909 | BO14: =600*(BM14/0.85-60)*0.85/BM14 -> 162.85714 | BP14: =IF(BN14>fy,(0.85*fc*BL14*BJ14+CG14*(fy-0.85*fc)-CG14*fy),(0.85*fc*BL14*BJ14+CG14*(BN14-0.85*fc)-CG14*fy))/1000 -> 1039.8696 | BQ14: =IF(BO14>fy,(0.85*fc*BM14*BK14+CG14*(fy-0.85*fc)-CG14*fy),(0.85*fc*BM14*BK14+CG14*(BO14-0.85*fc)-CG14*fy))/1000 -> 746.4696 | BR14: =IF(BN14>fy,(0.85*fc*BL14*BJ14*(BK14/2-BL14/2)+CG14*(fy-0.85*fc)*(BK14/2-60)+CG14*fy*(BK14/2-60)),(0.85*fc*BL14*BJ14*(AN14-BL14/2-60)+CG14*(BN14-0.85*fc)*(BK14/2-60)+CG14*fy*(BK14/2-60)))/1000000 -> 194.37202 | BS14: =IF(BO14>fy,(0.85*fc*BM14*BK14*((BJ14-60)-BM14/2-60)+CG14*(fy-0.85*AM$2)*(BJ14/2-60)-CG14*fy*(BJ14/2-60)),(0.85*fc*BM14*BK14*((BJ14-60)-BM14/2-60)+CG14*(BO14-0.85*fc)*(BJ14/2-60)-CG14*fy*(BJ14/2-60)))/1000000 -> 34.023784 | BT14: =BR14/BP14 -> 0.18691961 | BU14: =BS14/BQ14 -> 0.045579598 | BV14: =AP14/AO14 -> 0.089565978 | BW14: =AQ14/AO14 -> 0.0031987849 | BX14: =IF(BT14>BV14,"Compression Controls","Tension Controls") -> Compression Controls | BY14: =IF(BU14>BW14,"Compression Controls","Tension Controls") -> Compression Controls | BZ14: =IF(BX14="Compression Controls",CO14,DG14) -> 1732.0833 | CA14: =IF(BY14="Compression Controls",CX14,DP14) -> 2512.0208 | CB14: =(0.85*fc*BJ14*BK14+CG14*4*(fy-0.85*fc))/1000 -> 2868.1184 | CC14: =IF(MAX(AP14*1000/AO14,AQ14*1000/AO14)>0.1*AM14,AU$2/(1/BZ14+1/CA14-1/CB14),AU$2*0.8*CB14) -> 1037.0719 | CD14: =IF(CC14>=AO14,"Safe ","Unsafe") -> Safe | CG14: =(AZ14*0.25*22/7*BB14^2)/4 -> 308 | CH14: =BK14-60 -> 440 | CI14: =BV14*1000+BK14/2-60 -> 279.56598 | CJ14: =0.85*fc*BJ14/(2*CI14) -> 8.5131961 | CK14: =0.85*fc*BJ14*(1-CH14/CI14) -> -2731.6126 | CL14: =(600*CG14+CG14*(fy-0.85*fc)*(1-(CH14-60)/CI14)) -> 140960.89 | CM14: =-510*CH14*CG14 -> -69115200 | CN14: =(((CK14*CL14/(6*CJ14^2)-(CK14/(3*CJ14))^3-CM14/(2*CJ14))^2+(-(CK14^2/(9*CJ14^2))+CL14/(3*CJ14))^3)^0.5+CK14*CL14/(6*CJ14^2)-CK14^3/(27*CJ14^3)-CM14/(2*CJ14))^(1/3)+(-(((CK14*CL14/(6*CJ14^2)-(CK14/(3*CJ14))^3-CM14/(2*CJ14))^2+(-(CK14^2/(9*CJ14^2))+CL14/(3*CJ14))^3)^0.5)+CK14*CL14/(6*CJ14^2)-CK14^3/(27*CJ14^3)-CM14/(2*CJ14))^(1/3)-CK14/(3*CJ14) -> 341.89254 | CO14: =((0.85*fc*CN14*BJ14)+(CG14*(fy-0.85*fc))-(CG14*600*((0.85*CH14)-CN14)/CN14))/1000 -> 1732.0833 | CQ14: =BJ14-60 -> 140 | CR14: =BW14*1000+BJ14/2-60 -> 43.198785 | CS14: =0.85*fc*BK14/(2*CR14) -> 137.73536 | CT14: =0.85*fc*BK14*(1-CQ14/CR14) -> -26665.9 | CU14: =(600*CG14+CG14*(fy-0.85*fc)*(1-(CQ14-60)/CR14)) -> 80842.503 | CV14: =-510*CQ14*CG14 -> -21991200 | CW14: =(((CT14*CU14/(6*CS14^2)-(CT14/(3*CS14))^3-CV14/(2*CS14))^2+(-(CT14^2/(9*CS14^2))+CU14/(3*CS14))^3)^0.5+CT14*CU14/(6*CS14^2)-CT14^3/(27*CS14^3)-CV14/(2*CS14))^(1/3)+(-(((CT14*CU14/(6*CS14^2)-(CT14/(3*CS14))^3-CV14/(2*CS14))^2+(-(CT14^2/(9*CS14^2))+CU14/(3*CS14))^3)^0.5)+CT14*CU14/(6*CS14^2)-CT14^3/(27*CS14^3)-CV14/(2*CS14))^(1/3)-CT14/(3*CS14) -> 194.79698 | CX14: =((0.85*fc*CW14*BK14)+(CG14*(fy-0.85*fc))-(CG14*600*((0.85*CQ14)-CW14)/CW14))/1000 -> 2512.0208 | CZ14: =0.425*fc*BJ14 -> 2380 | DA14: =2*CZ14*(CI14-CH14) -> -763665.95 | DB14: =CG14*(fy-0.85*fc)*(CI14-CH14+60)-CG14*fy*CI14 -> -48420578 | DC14: =(-DA14+(DA14^2-4*CZ14*DB14)^0.5)/(2*CZ14) -> 375.10553 | DD14: =600*(DC14/0.85-60)*0.85/DC14 -> 518.42296 | DE14: =IF(DD14>fy,DB14,CG14*(DD14-0.85*fc)*(CI14-CH14+60)-CG14*fy*CI14) -> -48420578 | DF14: =(-DA14+(DA14^2-4*CZ14*DE14)^0.5)/(2*CZ14) -> 375.10553 | DG14: =IF(DD14>fy,(0.85*fc*DF14*BJ14+CG14*(fy-0.85*fc)-CG14*fy),(0.85*fc*DF14*BJ14+CG14*(DD14-0.85*fc)-CG14*fy))/1000 -> 1778.1719 | DI14: =0.425*fc*BK14 -> 5950 | DJ14: =2*DI14*(CR14-CQ14) -> -1151934.5 | DK14: =CG14*(fy-0.85*fc)*(CR14-CQ14+60)-CG14*fy*CR14 -> -10079032 | DL14: =(-DJ14+(DJ14^2-4*DI14*DK14)^0.5)/(2*DI14) -> 201.98881 | DM14: =600*(DL14/0.85-60)*0.85/DC14 -> 241.51413 | DN14: =IF(DM14>fy,DK14,CG14*(DM14-0.85*fc)*(CR14-CQ14+60)-CG14*fy*CR14) -> -8055935.3 | DO14: =(-DJ14+(DJ14^2-4*DI14*DN14)^0.5)/(2*DI14) -> 200.35996 | DP14: =IF(DM14>fy,(0.85*fc*DO14*BK14+CG14*(fy-0.85*fc)-CG14*fy),(0.85*fc*DO14*BK14+CG14*(DM14-0.85*fc)-CG14*fy))/1000 -> 2321.9795 | DT14: =B14 -> C15 | DU14: =AZ14 -> 8 | DV14: =BA14 -> φ | DW14: =BB14 -> 14
A15: MIDAH | B15: C16 | C15: 32 | D15: 200 | E15: 500 | F15: 1600 | G15: 781.43 | H15: 0.22 | I15: 0 | J15: -4.59 | K15: 0 | L15: =(0.9*F15)/(0.3*E15) -> 9.6 | M15: =IF(P15>Q15,(34-12*I15/H15),(34-12*H15/I15)) -> 34 | N15: =IF(L15<=M15,"sho.col","long.col") -> sho.col | P15: =ABS(H15) -> 0.22 | Q15: =ABS(I15) -> 0 | R15: =ABS(J15) -> 4.59 | S15: =ABS(K15) -> 0 | W15: L | X15: 5200 | Y15: 0 | Z15: =D6 -> 300 | AA15: =E6 -> 500 | AB15: =F6 -> 1600 | AC15: =(Z15*AA15^3/12)/AB15 -> 1953125 | AI15: 16 , 234 , 166 | AJ15: =B15 -> C16 | AL15: 200 | AM15: 500 | AN15: =AM15-60 -> 440 | AO15: =G15 -> 781.43 | AP15: =P15 -> 0.22 | AQ15: =R15 -> 4.59 | AR15: =AP15+(AQ15*AM15/AL15*((1-AS$2)/AS$2)) -> 6.3988462 | AS15: =AQ15+(AP15*AL15/AM15*((1-AS$2)/AS$2)) -> 4.6373846 | AT15: =MAX(AR15:AS15) -> 6.3988462 | AU15: =AT15/AO15 -> 0.0081886364 | AV15: =IF(AU15<=1,"Compression","Tention") -> Compression | AW15: =IF(MAX(AP15*1000/AO15,AQ15*1000/AO15)>0.1*AM15,IF(IF(AV15="Compression",2*(0.5+AU15*10^3/(AN15-BD$2))*(-AL15*AM$2*AM15/(1.18+3*AU15*10^3*AM15/AN15^2)+AO15*10^3/AU$2)/AO$2,2*AO15*1000*(AU15*1000-0.5*AM15+0.2*AN15)/(AU$2*fy*(AN15-BD$2)))<0.01*AL15*AM15,(0.01*AL15*AM15),IF(AV15="Compression",2*(0.5+AU15*10^3/(AN15-60))*(-AL15*AM$2*AM15/(1.18+3*AU15*10^3*AM15/AN15^2)+AO15*10^3/AU$2)/AO$2,2*AO15*1000*(AU15*1000-0.5*AM15+0.2*AN15)/(AU$2*fy*(AN15-BD$2)))),MAX((AO15*1000/(0.8*AU$2)-0.85*fc*AL15*AM15)/(fy-0.85*fc),0.01*AL15*AM15)) -> 1000 | AX15: =AW15/4 -> 250 | AY15: =AW15/(AL15*AM15) -> 0.01 | AZ15: =EVEN(AW15/(PI()*BB15^2/4)) -> 8 | BA15: φ | BB15: 14 | BC15: 2.29 | BD15: =MIN(fc^0.5*AL15*AN15/(6*1000),fc^0.5*(AL15-60)*AM15/(6*1000)) -> 61.734197 | BE15: =(BC15-BF$2*BD15)/BF$2 -> -58.680864 | BF15: =FLOOR(MIN(AL15/2,MIN((3*AZ$2*BI$2/AM15),(16*AZ$2*BI$2/(fc^0.5*AM15))),(8*BB15),(24*AX$2),300),10) -> 100 | BG15: =MAX(MAX(AL15,AM15),(F15/6),450) -> 500 | BH15: =IF(BC15<0.5*BD15*BF$2,"No Need Shear Reinf.",IF(BC15<=BD15*BF$2,BF15,IF(BE15>4*BD15,"Increase b & d",FLOOR(AZ$2*BI$2*AN15/(BE15*1000),50)))) -> No Need Shear Reinf. | BI15: =IF(BH15="No Need Shear Reinf.","Use Φ"&AX$2&"@"&MIN(BF15,BH15)&"mm",IF(BH15="Increase b & d","Increase b & d","Use Φ"&AX$2&"@"&MIN(BF15,BH15)&"mm")) -> Use Φ10@100mm | BJ15: =AL15 -> 200 | BK15: =AM15 -> 500 | BL15: =0.85*(600*AN15)/(600+fy) -> 220 | BM15: =0.85*(600*(BJ15-60))/(600+fy) -> 70 | BN15: =600*(BL15/0.85-60)*0.85/BL15 -> 460.90909 | BO15: =600*(BM15/0.85-60)*0.85/BM15 -> 162.85714 | BP15: =IF(BN15>fy,(0.85*fc*BL15*BJ15+CG15*(fy-0.85*fc)-CG15*fy),(0.85*fc*BL15*BJ15+CG15*(BN15-0.85*fc)-CG15*fy))/1000 -> 1039.8696 | BQ15: =IF(BO15>fy,(0.85*fc*BM15*BK15+CG15*(fy-0.85*fc)-CG15*fy),(0.85*fc*BM15*BK15+CG15*(BO15-0.85*fc)-CG15*fy))/1000 -> 746.4696 | BR15: =IF(BN15>fy,(0.85*fc*BL15*BJ15*(BK15/2-BL15/2)+CG15*(fy-0.85*fc)*(BK15/2-60)+CG15*fy*(BK15/2-60)),(0.85*fc*BL15*BJ15*(AN15-BL15/2-60)+CG15*(BN15-0.85*fc)*(BK15/2-60)+CG15*fy*(BK15/2-60)))/1000000 -> 194.37202 | BS15: =IF(BO15>fy,(0.85*fc*BM15*BK15*((BJ15-60)-BM15/2-60)+CG15*(fy-0.85*AM$2)*(BJ15/2-60)-CG15*fy*(BJ15/2-60)),(0.85*fc*BM15*BK15*((BJ15-60)-BM15/2-60)+CG15*(BO15-0.85*fc)*(BJ15/2-60)-CG15*fy*(BJ15/2-60)))/1000000 -> 34.023784 | BT15: =BR15/BP15 -> 0.18691961 | BU15: =BS15/BQ15 -> 0.045579598 | BV15: =AP15/AO15 -> 0.00028153513 | BW15: =AQ15/AO15 -> 0.0058738467 | BX15: =IF(BT15>BV15,"Compression Controls","Tension Controls") -> Compression Controls | BY15: =IF(BU15>BW15,"Compression Controls","Tension Controls") -> Compression Controls | BZ15: =IF(BX15="Compression Controls",CO15,DG15) -> 2602.6177 | CA15: =IF(BY15="Compression Controls",CX15,DP15) -> 2441.5599 | CB15: =(0.85*fc*BJ15*BK15+CG15*4*(fy-0.85*fc))/1000 -> 2868.1184 | CC15: =IF(MAX(AP15*1000/AO15,AQ15*1000/AO15)>0.1*AM15,AU$2/(1/BZ15+1/CA15-1/CB15),AU$2*0.8*CB15) -> 1491.4216 | CD15: =IF(CC15>=AO15,"Safe ","Unsafe") -> Safe | CG15: =(AZ15*0.25*22/7*BB15^2)/4 -> 308 | CH15: =BK15-60 -> 440 | CI15: =BV15*1000+BK15/2-60 -> 190.28154 | CJ15: =0.85*fc*BJ15/(2*CI15) -> 12.507782 | CK15: =0.85*fc*BJ15*(1-CH15/CI15) -> -6246.8483 | CL15: =(600*CG15+CG15*(fy-0.85*fc)*(1-(CH15-60)/CI15)) -> 63131.503 | CM15: =-510*CH15*CG15 -> -69115200 | CN15: =(((CK15*CL15/(6*CJ15^2)-(CK15/(3*CJ15))^3-CM15/(2*CJ15))^2+(-(CK15^2/(9*CJ15^2))+CL15/(3*CJ15))^3)^0.5+CK15*CL15/(6*CJ15^2)-CK15^3/(27*CJ15^3)-CM15/(2*CJ15))^(1/3)+(-(((CK15*CL15/(6*CJ15^2)-(CK15/(3*CJ15))^3-CM15/(2*CJ15))^2+(-(CK15^2/(9*CJ15^2))+CL15/(3*CJ15))^3)^0.5)+CK15*CL15/(6*CJ15^2)-CK15^3/(27*CJ15^3)-CM15/(2*CJ15))^(1/3)-CK15/(3*CJ15) -> 510.73788 | CO15: =((0.85*fc*CN15*BJ15)+(CG15*(fy-0.85*fc))-(CG15*600*((0.85*CH15)-CN15)/CN15))/1000 -> 2602.6177 | CQ15: =BJ15-60 -> 140 | CR15: =BW15*1000+BJ15/2-60 -> 45.873847 | CS15: =0.85*fc*BK15/(2*CR15) -> 129.70353 | CT15: =0.85*fc*BK15*(1-CQ15/CR15) -> -24416.989 | CU15: =(600*CG15+CG15*(fy-0.85*fc)*(1-(CQ15-60)/CR15)) -> 94020.588 | CV15: =-510*CQ15*CG15 -> -21991200 | CW15: =(((CT15*CU15/(6*CS15^2)-(CT15/(3*CS15))^3-CV15/(2*CS15))^2+(-(CT15^2/(9*CS15^2))+CU15/(3*CS15))^3)^0.5+CT15*CU15/(6*CS15^2)-CT15^3/(27*CS15^3)-CV15/(2*CS15))^(1/3)+(-(((CT15*CU15/(6*CS15^2)-(CT15/(3*CS15))^3-CV15/(2*CS15))^2+(-(CT15^2/(9*CS15^2))+CU15/(3*CS15))^3)^0.5)+CT15*CU15/(6*CS15^2)-CT15^3/(27*CS15^3)-CV15/(2*CS15))^(1/3)-CT15/(3*CS15) -> 189.15868 | CX15: =((0.85*fc*CW15*BK15)+(CG15*(fy-0.85*fc))-(CG15*600*((0.85*CQ15)-CW15)/CW15))/1000 -> 2441.5599 | CZ15: =0.425*fc*BJ15 -> 2380 | DA15: =2*CZ15*(CI15-CH15) -> -1188659.9 | DB15: =CG15*(fy-0.85*fc)*(CI15-CH15+60)-CG15*fy*CI15 -> -47766088 | DC15: =(-DA15+(DA15^2-4*CZ15*DB15)^0.5)/(2*CZ15) -> 536.82314 | DD15: =600*(DC15/0.85-60)*0.85/DC15 -> 542.99799 | DE15: =IF(DD15>fy,DB15,CG15*(DD15-0.85*fc)*(CI15-CH15+60)-CG15*fy*CI15) -> -47766088 | DF15: =(-DA15+(DA15^2-4*CZ15*DE15)^0.5)/(2*CZ15) -> 536.82314 | DG15: =IF(DD15>fy,(0.85*fc*DF15*BJ15+CG15*(fy-0.85*fc)-CG15*fy),(0.85*fc*DF15*BJ15+CG15*(DD15-0.85*fc)-CG15*fy))/1000 -> 2547.9478 | DI15: =0.425*fc*BK15 -> 5950 | DJ15: =2*DI15*(CR15-CQ15) -> -1120101.2 | DK15: =CG15*(fy-0.85*fc)*(CR15-CQ15+60)-CG15*fy*CR15 -> -10098642 | DL15: =(-DJ15+(DJ15^2-4*DI15*DK15)^0.5)/(2*DI15) -> 196.87334 | DM15: =600*(DL15/0.85-60)*0.85/DC15 -> 163.04066 | DN15: =IF(DM15>fy,DK15,CG15*(DM15-0.85*fc)*(CR15-CQ15+60)-CG15*fy*CR15) -> -7397779.3 | DO15: =(-DJ15+(DJ15^2-4*DI15*DN15)^0.5)/(2*DI15) -> 194.64012 | DP15: =IF(DM15>fy,(0.85*fc*DO15*BK15+CG15*(fy-0.85*fc)-CG15*fy),(0.85*fc*DO15*BK15+CG15*(DM15-0.85*fc)-CG15*fy))/1000 -> 2229.7435 | DT15: =B15 -> C16 | DU15: =AZ15 -> 8 | DV15: =BA15 -> φ | DW15: =BB15 -> 14
A16: MIDAH | B16: C17 | C16: 9 | D16: 300 | E16: 500 | F16: 1600 | G16: 686.94 | H16: -2.58 | I16: 0 | J16: 2.62 | K16: 0 | L16: =(0.9*F16)/(0.3*E16) -> 9.6 | M16: =IF(P16>Q16,(34-12*I16/H16),(34-12*H16/I16)) -> 34 | N16: =IF(L16<=M16,"sho.col","long.col") -> sho.col | P16: =ABS(H16) -> 2.58 | Q16: =ABS(I16) -> 0 | R16: =ABS(J16) -> 2.62 | S16: =ABS(K16) -> 0 | W16: I/L | X16: =(X13*X14^3/12)/X15 -> 692307.69 | Y16: 0 | AI16: 17 , 235 ,167 | AJ16: =B16 -> C17 | AL16: 300 | AM16: 500 | AN16: =AM16-60 -> 440 | AO16: =G16 -> 686.94 | AP16: =P16 -> 2.58 | AQ16: =R16 -> 2.62 | AR16: =AP16+(AQ16*AM16/AL16*((1-AS$2)/AS$2)) -> 4.9312821 | AS16: =AQ16+(AP16*AL16/AM16*((1-AS$2)/AS$2)) -> 3.4535385 | AT16: =MAX(AR16:AS16) -> 4.9312821 | AU16: =AT16/AO16 -> 0.0071786212 | AV16: =IF(AU16<=1,"Compression","Tention") -> Compression | AW16: =IF(MAX(AP16*1000/AO16,AQ16*1000/AO16)>0.1*AM16,IF(IF(AV16="Compression",2*(0.5+AU16*10^3/(AN16-BD$2))*(-AL16*AM$2*AM16/(1.18+3*AU16*10^3*AM16/AN16^2)+AO16*10^3/AU$2)/AO$2,2*AO16*1000*(AU16*1000-0.5*AM16+0.2*AN16)/(AU$2*fy*(AN16-BD$2)))<0.01*AL16*AM16,(0.01*AL16*AM16),IF(AV16="Compression",2*(0.5+AU16*10^3/(AN16-60))*(-AL16*AM$2*AM16/(1.18+3*AU16*10^3*AM16/AN16^2)+AO16*10^3/AU$2)/AO$2,2*AO16*1000*(AU16*1000-0.5*AM16+0.2*AN16)/(AU$2*fy*(AN16-BD$2)))),MAX((AO16*1000/(0.8*AU$2)-0.85*fc*AL16*AM16)/(fy-0.85*fc),0.01*AL16*AM16)) -> 1500 | AX16: =AW16/4 -> 375 | AY16: =AW16/(AL16*AM16) -> 0.01 | AZ16: =EVEN(AW16/(PI()*BB16^2/4)) -> 10 | BA16: φ | BB16: 14 | BC16: 1.31 | BD16: =MIN(fc^0.5*AL16*AN16/(6*1000),fc^0.5*(AL16-60)*AM16/(6*1000)) -> 105.83005 | BE16: =(BC16-BF$2*BD16)/BF$2 -> -104.08339 | BF16: =FLOOR(MIN(AL16/2,MIN((3*AZ$2*BI$2/AM16),(16*AZ$2*BI$2/(fc^0.5*AM16))),(8*BB16),(24*AX$2),300),10) -> 110 | BG16: =MAX(MAX(AL16,AM16),(F16/6),450) -> 500 | BH16: =IF(BC16<0.5*BD16*BF$2,"No Need Shear Reinf.",IF(BC16<=BD16*BF$2,BF16,IF(BE16>4*BD16,"Increase b & d",FLOOR(AZ$2*BI$2*AN16/(BE16*1000),50)))) -> No Need Shear Reinf. | BI16: =IF(BH16="No Need Shear Reinf.","Use Φ"&AX$2&"@"&MIN(BF16,BH16)&"mm",IF(BH16="Increase b & d","Increase b & d","Use Φ"&AX$2&"@"&MIN(BF16,BH16)&"mm")) -> Use Φ10@110mm | BJ16: =AL16 -> 300 | BK16: =AM16 -> 500 | BL16: =0.85*(600*AN16)/(600+fy) -> 220 | BM16: =0.85*(600*(BJ16-60))/(600+fy) -> 120 | BN16: =600*(BL16/0.85-60)*0.85/BL16 -> 460.90909 | BO16: =600*(BM16/0.85-60)*0.85/BM16 -> 345 | BP16: =IF(BN16>fy,(0.85*fc*BL16*BJ16+CG16*(fy-0.85*fc)-CG16*fy),(0.85*fc*BL16*BJ16+CG16*(BN16-0.85*fc)-CG16*fy))/1000 -> 1561.637 | BQ16: =IF(BO16>fy,(0.85*fc*BM16*BK16+CG16*(fy-0.85*fc)-CG16*fy),(0.85*fc*BM16*BK16+CG16*(BO16-0.85*fc)-CG16*fy))/1000 -> 1389.962 | BR16: =IF(BN16>fy,(0.85*fc*BL16*BJ16*(BK16/2-BL16/2)+CG16*(fy-0.85*fc)*(BK16/2-60)+CG16*fy*(BK16/2-60)),(0.85*fc*BL16*BJ16*(AN16-BL16/2-60)+CG16*(BN16-0.85*fc)*(BK16/2-60)+CG16*fy*(BK16/2-60)))/1000000 -> 279.61703 | BS16: =IF(BO16>fy,(0.85*fc*BM16*BK16*((BJ16-60)-BM16/2-60)+CG16*(fy-0.85*AM$2)*(BJ16/2-60)-CG16*fy*(BJ16/2-60)),(0.85*fc*BM16*BK16*((BJ16-60)-BM16/2-60)+CG16*(BO16-0.85*fc)*(BJ16/2-60)-CG16*fy*(BJ16/2-60)))/1000000 -> 167.93658 | BT16: =BR16/BP16 -> 0.17905379 | BU16: =BS16/BQ16 -> 0.12082099 | BV16: =AP16/AO16 -> 0.0037557865 | BW16: =AQ16/AO16 -> 0.0038140158 | BX16: =IF(BT16>BV16,"Compression Controls","Tension Controls") -> Compression Controls | BY16: =IF(BU16>BW16,"Compression Controls","Tension Controls") -> Compression Controls | BZ16: =IF(BX16="Compression Controls",CO16,DG16) -> 3795.5227 | CA16: =IF(BY16="Compression Controls",CX16,DP16) -> 3746.8786 | CB16: =(0.85*fc*BJ16*BK16+CG16*4*(fy-0.85*fc))/1000 -> 4180.148 | CC16: =IF(MAX(AP16*1000/AO16,AQ16*1000/AO16)>0.1*AM16,AU$2/(1/BZ16+1/CA16-1/CB16),AU$2*0.8*CB16) -> 2173.677 | CD16: =IF(CC16>=AO16,"Safe ","Unsafe") -> Safe | CG16: =(AZ16*0.25*22/7*BB16^2)/4 -> 385 | CH16: =BK16-60 -> 440 | CI16: =BV16*1000+BK16/2-60 -> 193.75579 | CJ16: =0.85*fc*BJ16/(2*CI16) -> 18.425256 | CK16: =0.85*fc*BJ16*(1-CH16/CI16) -> -9074.2254 | CL16: =(600*CG16+CG16*(fy-0.85*fc)*(1-(CH16-60)/CI16)) -> 84376.593 | CM16: =-510*CH16*CG16 -> -86394000 | CN16: =(((CK16*CL16/(6*CJ16^2)-(CK16/(3*CJ16))^3-CM16/(2*CJ16))^2+(-(CK16^2/(9*CJ16^2))+CL16/(3*CJ16))^3)^0.5+CK16*CL16/(6*CJ16^2)-CK16^3/(27*CJ16^3)-CM16/(2*CJ16))^(1/3)+(-(((CK16*CL16/(6*CJ16^2)-(CK16/(3*CJ16))^3-CM16/(2*CJ16))^2+(-(CK16^2/(9*CJ16^2))+CL16/(3*CJ16))^3)^0.5)+CK16*CL16/(6*CJ16^2)-CK16^3/(27*CJ16^3)-CM16/(2*CJ16))^(1/3)-CK16/(3*CJ16) -> 501.97399 | CO16: =((0.85*fc*CN16*BJ16)+(CG16*(fy-0.85*fc))-(CG16*600*((0.85*CH16)-CN16)/CN16))/1000 -> 3795.5227 | CQ16: =BJ16-60 -> 240 | CR16: =BW16*1000+BJ16/2-60 -> 93.814016 | CS16: =0.85*fc*BK16/(2*CR16) -> 63.423359 | CT16: =0.85*fc*BK16*(1-CQ16/CR16) -> -18543.212 | CU16: =(600*CG16+CG16*(fy-0.85*fc)*(1-(CQ16-60)/CR16)) -> 90865.806 | CV16: =-510*CQ16*CG16 -> -47124000 | CW16: =(((CT16*CU16/(6*CS16^2)-(CT16/(3*CS16))^3-CV16/(2*CS16))^2+(-(CT16^2/(9*CS16^2))+CU16/(3*CS16))^3)^0.5+CT16*CU16/(6*CS16^2)-CT16^3/(27*CS16^3)-CV16/(2*CS16))^(1/3)+(-(((CT16*CU16/(6*CS16^2)-(CT16/(3*CS16))^3-CV16/(2*CS16))^2+(-(CT16^2/(9*CS16^2))+CU16/(3*CS16))^3)^0.5)+CT16*CU16/(6*CS16^2)-CT16^3/(27*CS16^3)-CV16/(2*CS16))^(1/3)-CT16/(3*CS16) -> 296.0116 | CX16: =((0.85*fc*CW16*BK16)+(CG16*(fy-0.85*fc))-(CG16*600*((0.85*CQ16)-CW16)/CW16))/1000 -> 3746.8786 | CZ16: =0.425*fc*BJ16 -> 3570 | DA16: =2*CZ16*(CI16-CH16) -> -1758183.7 | DB16: =CG16*(fy-0.85*fc)*(CI16-CH16+60)-CG16*fy*CI16 -> -59739444 | DC16: =(-DA16+(DA16^2-4*CZ16*DB16)^0.5)/(2*CZ16) -> 524.39876 | DD16: =600*(DC16/0.85-60)*0.85/DC16 -> 541.64746 | DE16: =IF(DD16>fy,DB16,CG16*(DD16-0.85*fc)*(CI16-CH16+60)-CG16*fy*CI16) -> -59739444 | DF16: =(-DA16+(DA16^2-4*CZ16*DE16)^0.5)/(2*CZ16) -> 524.39876 | DG16: =IF(DD16>fy,(0.85*fc*DF16*BJ16+CG16*(fy-0.85*fc)-CG16*fy),(0.85*fc*DF16*BJ16+CG16*(DD16-0.85*fc)-CG16*fy))/1000 -> 3735.0441 | DI16: =0.425*fc*BK16 -> 5950 | DJ16: =2*DI16*(CR16-CQ16) -> -1739613.2 | DK16: =CG16*(fy-0.85*fc)*(CR16-CQ16+60)-CG16*fy*CR16 -> -28316278 | DL16: =(-DJ16+(DJ16^2-4*DI16*DK16)^0.5)/(2*DI16) -> 307.83183 | DM16: =600*(DL16/0.85-60)*0.85/DC16 -> 293.85863 | DN16: =IF(DM16>fy,DK16,CG16*(DM16-0.85*fc)*(CR16-CQ16+60)-CG16*fy*CR16) -> -24130705 | DO16: =(-DJ16+(DJ16^2-4*DI16*DN16)^0.5)/(2*DI16) -> 305.64106 | DP16: =IF(DM16>fy,(0.85*fc*DO16*BK16+CG16*(fy-0.85*fc)-CG16*fy),(0.85*fc*DO16*BK16+CG16*(DM16-0.85*fc)-CG16*fy))/1000 -> 3579.4012 | DT16: =B16 -> C17 | DU16: =AZ16 -> 10 | DV16: =BA16 -> φ | DW16: =BB16 -> 14
A17: MIDAH | B17: C4 | C17: 12 | D17: 300 | E17: 500 | F17: 1600 | G17: 1381.59 | H17: 54.11 | I17: 0 | J17: -3.53 | K17: 0 | L17: =(0.9*F17)/(0.3*E17) -> 9.6 | M17: =IF(P17>Q17,(34-12*I17/H17),(34-12*H17/I17)) -> 34 | N17: =IF(L17<=M17,"sho.col","long.col") -> sho.col | P17: =ABS(H17) -> 54.11 | Q17: =ABS(I17) -> 0 | R17: =ABS(J17) -> 3.53 | S17: =ABS(K17) -> 0 | V17: Bottom | W17: B | X17: 500 | Y17: 0 | AC17: 0 | AD17: 1 | AI17: 4 , 222 , 154 | AJ17: =B17 -> C4 | AL17: 300 | AM17: 500 | AN17: =AM17-60 -> 440 | AO17: =G17 -> 1381.59 | AP17: =P17 -> 54.11 | AQ17: =R17 -> 3.53 | AR17: =AP17+(AQ17*AM17/AL17*((1-AS$2)/AS$2)) -> 57.277949 | AS17: =AQ17+(AP17*AL17/AM17*((1-AS$2)/AS$2)) -> 21.011692 | AT17: =MAX(AR17:AS17) -> 57.277949 | AU17: =AT17/AO17 -> 0.041457993 | AV17: =IF(AU17<=1,"Compression","Tention") -> Compression | AW17: =IF(MAX(AP17*1000/AO17,AQ17*1000/AO17)>0.1*AM17,IF(IF(AV17="Compression",2*(0.5+AU17*10^3/(AN17-BD$2))*(-AL17*AM$2*AM17/(1.18+3*AU17*10^3*AM17/AN17^2)+AO17*10^3/AU$2)/AO$2,2*AO17*1000*(AU17*1000-0.5*AM17+0.2*AN17)/(AU$2*fy*(AN17-BD$2)))<0.01*AL17*AM17,(0.01*AL17*AM17),IF(AV17="Compression",2*(0.5+AU17*10^3/(AN17-60))*(-AL17*AM$2*AM17/(1.18+3*AU17*10^3*AM17/AN17^2)+AO17*10^3/AU$2)/AO$2,2*AO17*1000*(AU17*1000-0.5*AM17+0.2*AN17)/(AU$2*fy*(AN17-BD$2)))),MAX((AO17*1000/(0.8*AU$2)-0.85*fc*AL17*AM17)/(fy-0.85*fc),0.01*AL17*AM17)) -> 1500 | AX17: =AW17/4 -> 375 | AY17: =AW17/(AL17*AM17) -> 0.01 | AZ17: =EVEN(AW17/(PI()*BB17^2/4)) -> 10 | BA17: φ | BB17: 14 | BC17: 27.06 | BD17: =MIN(fc^0.5*AL17*AN17/(6*1000),fc^0.5*(AL17-60)*AM17/(6*1000)) -> 105.83005 | BE17: =(BC17-BF$2*BD17)/BF$2 -> -69.750052 | BF17: =FLOOR(MIN(AL17/2,MIN((3*AZ$2*BI$2/AM17),(16*AZ$2*BI$2/(fc^0.5*AM17))),(8*BB17),(24*AX$2),300),10) -> 110 | BG17: =MAX(MAX(AL17,AM17),(F17/6),450) -> 500 | BH17: =IF(BC17<0.5*BD17*BF$2,"No Need Shear Reinf.",IF(BC17<=BD17*BF$2,BF17,IF(BE17>4*BD17,"Increase b & d",FLOOR(AZ$2*BI$2*AN17/(BE17*1000),50)))) -> No Need Shear Reinf. | BI17: =IF(BH17="No Need Shear Reinf.","Use Φ"&AX$2&"@"&MIN(BF17,BH17)&"mm",IF(BH17="Increase b & d","Increase b & d","Use Φ"&AX$2&"@"&MIN(BF17,BH17)&"mm")) -> Use Φ10@110mm | BJ17: =AL17 -> 300 | BK17: =AM17 -> 500 | BL17: =0.85*(600*AN17)/(600+fy) -> 220 | BM17: =0.85*(600*(BJ17-60))/(600+fy) -> 120 | BN17: =600*(BL17/0.85-60)*0.85/BL17 -> 460.90909 | BO17: =600*(BM17/0.85-60)*0.85/BM17 -> 345 | BP17: =IF(BN17>fy,(0.85*fc*BL17*BJ17+CG17*(fy-0.85*fc)-CG17*fy),(0.85*fc*BL17*BJ17+CG17*(BN17-0.85*fc)-CG17*fy))/1000 -> 1561.637 | BQ17: =IF(BO17>fy,(0.85*fc*BM17*BK17+CG17*(fy-0.85*fc)-CG17*fy),(0.85*fc*BM17*BK17+CG17*(BO17-0.85*fc)-CG17*fy))/1000 -> 1389.962 | BR17: =IF(BN17>fy,(0.85*fc*BL17*BJ17*(BK17/2-BL17/2)+CG17*(fy-0.85*fc)*(BK17/2-60)+CG17*fy*(BK17/2-60)),(0.85*fc*BL17*BJ17*(AN17-BL17/2-60)+CG17*(BN17-0.85*fc)*(BK17/2-60)+CG17*fy*(BK17/2-60)))/1000000 -> 279.61703 | BS17: =IF(BO17>fy,(0.85*fc*BM17*BK17*((BJ17-60)-BM17/2-60)+CG17*(fy-0.85*AM$2)*(BJ17/2-60)-CG17*fy*(BJ17/2-60)),(0.85*fc*BM17*BK17*((BJ17-60)-BM17/2-60)+CG17*(BO17-0.85*fc)*(BJ17/2-60)-CG17*fy*(BJ17/2-60)))/1000000 -> 167.93658 | BT17: =BR17/BP17 -> 0.17905379 | BU17: =BS17/BQ17 -> 0.12082099 | BV17: =AP17/AO17 -> 0.03916502 | BW17: =AQ17/AO17 -> 0.0025550272 | BX17: =IF(BT17>BV17,"Compression Controls","Tension Controls") -> Compression Controls | BY17: =IF(BU17>BW17,"Compression Controls","Tension Controls") -> Compression Controls | BZ17: =IF(BX17="Compression Controls",CO17,DG17) -> 3267.892 | CA17: =IF(BY17="Compression Controls",CX17,DP17) -> 3778.8826 | CB17: =(0.85*fc*BJ17*BK17+CG17*4*(fy-0.85*fc))/1000 -> 4180.148 | CC17: =IF(MAX(AP17*1000/AO17,AQ17*1000/AO17)>0.1*AM17,AU$2/(1/BZ17+1/CA17-1/CB17),AU$2*0.8*CB17) -> 2173.677 | CD17: =IF(CC17>=AO17,"Safe ","Unsafe") -> Safe | CG17: =(AZ17*0.25*22/7*BB17^2)/4 -> 385 | CH17: =BK17-60 -> 440 | CI17: =BV17*1000+BK17/2-60 -> 229.16502 | CJ17: =0.85*fc*BJ17/(2*CI17) -> 15.578294 | CK17: =0.85*fc*BJ17*(1-CH17/CI17) -> -6568.8985 | CL17: =(600*CG17+CG17*(fy-0.85*fc)*(1-(CH17-60)/CI17)) -> 130601.1 | CM17: =-510*CH17*CG17 -> -86394000 | CN17: =(((CK17*CL17/(6*CJ17^2)-(CK17/(3*CJ17))^3-CM17/(2*CJ17))^2+(-(CK17^2/(9*CJ17^2))+CL17/(3*CJ17))^3)^0.5+CK17*CL17/(6*CJ17^2)-CK17^3/(27*CJ17^3)-CM17/(2*CJ17))^(1/3)+(-(((CK17*CL17/(6*CJ17^2)-(CK17/(3*CJ17))^3-CM17/(2*CJ17))^2+(-(CK17^2/(9*CJ17^2))+CL17/(3*CJ17))^3)^0.5)+CK17*CL17/(6*CJ17^2)-CK17^3/(27*CJ17^3)-CM17/(2*CJ17))^(1/3)-CK17/(3*CJ17) -> 431.98173 | CO17: =((0.85*fc*CN17*BJ17)+(CG17*(fy-0.85*fc))-(CG17*600*((0.85*CH17)-CN17)/CN17))/1000 -> 3267.892 | CQ17: =BJ17-60 -> 240 | CR17: =BW17*1000+BJ17/2-60 -> 92.555027 | CS17: =0.85*fc*BK17/(2*CR17) -> 64.286081 | CT17: =0.85*fc*BK17*(1-CQ17/CR17) -> -18957.319 | CU17: =(600*CG17+CG17*(fy-0.85*fc)*(1-(CQ17-60)/CR17)) -> 86884.718 | CV17: =-510*CQ17*CG17 -> -47124000 | CW17: =(((CT17*CU17/(6*CS17^2)-(CT17/(3*CS17))^3-CV17/(2*CS17))^2+(-(CT17^2/(9*CS17^2))+CU17/(3*CS17))^3)^0.5+CT17*CU17/(6*CS17^2)-CT17^3/(27*CS17^3)-CV17/(2*CS17))^(1/3)+(-(((CT17*CU17/(6*CS17^2)-(CT17/(3*CS17))^3-CV17/(2*CS17))^2+(-(CT17^2/(9*CS17^2))+CU17/(3*CS17))^3)^0.5)+CT17*CU17/(6*CS17^2)-CT17^3/(27*CS17^3)-CV17/(2*CS17))^(1/3)-CT17/(3*CS17) -> 298.58568 | CX17: =((0.85*fc*CW17*BK17)+(CG17*(fy-0.85*fc))-(CG17*600*((0.85*CQ17)-CW17)/CW17))/1000 -> 3778.8826 | CZ17: =0.425*fc*BJ17 -> 3570 | DA17: =2*CZ17*(CI17-CH17) -> -1505361.8 | DB17: =CG17*(fy-0.85*fc)*(CI17-CH17+60)-CG17*fy*CI17 -> -60063899 | DC17: =(-DA17+(DA17^2-4*CZ17*DB17)^0.5)/(2*CZ17) -> 458.3749 | DD17: =600*(DC17/0.85-60)*0.85/DC17 -> 533.24242 | DE17: =IF(DD17>fy,DB17,CG17*(DD17-0.85*fc)*(CI17-CH17+60)-CG17*fy*CI17) -> -60063899 | DF17: =(-DA17+(DA17^2-4*CZ17*DE17)^0.5)/(2*CZ17) -> 458.3749 | DG17: =IF(DD17>fy,(0.85*fc*DF17*BJ17+CG17*(fy-0.85*fc)-CG17*fy),(0.85*fc*DF17*BJ17+CG17*(DD17-0.85*fc)-CG17*fy))/1000 -> 3263.6338 | DI17: =0.425*fc*BK17 -> 5950 | DJ17: =2*DI17*(CR17-CQ17) -> -1754595.2 | DK17: =CG17*(fy-0.85*fc)*(CR17-CQ17+60)-CG17*fy*CR17 -> -28304742 | DL17: =(-DJ17+(DJ17^2-4*DI17*DK17)^0.5)/(2*DI17) -> 310.22433 | DM17: =600*(DL17/0.85-60)*0.85/DC17 -> 339.31744 | DN17: =IF(DM17>fy,DK17,CG17*(DM17-0.85*fc)*(CR17-CQ17+60)-CG17*fy*CR17) -> -25588457 | DO17: =(-DJ17+(DJ17^2-4*DI17*DN17)^0.5)/(2*DI17) -> 308.81598 | DP17: =IF(DM17>fy,(0.85*fc*DO17*BK17+CG17*(fy-0.85*fc)-CG17*fy),(0.85*fc*DO17*BK17+CG17*(DM17-0.85*fc)-CG17*fy))/1000 -> 3634.6843 | DT17: =B17 -> C4 | DU17: =AZ17 -> 10 | DV17: =BA17 -> φ | DW17: =BB17 -> 14
A18: MIDAH | B18: C5 | C18: 15 | D18: 300 | E18: 500 | F18: 1600 | G18: 1277.31 | H18: -48.74 | I18: 0 | J18: -26.72 | K18: 0 | L18: =(0.9*F18)/(0.3*E18) -> 9.6 | M18: =IF(P18>Q18,(34-12*I18/H18),(34-12*H18/I18)) -> 34 | N18: =IF(L18<=M18,"sho.col","long.col") -> sho.col | P18: =ABS(H18) -> 48.74 | Q18: =ABS(I18) -> 0 | R18: =ABS(J18) -> 26.72 | S18: =ABS(K18) -> 0 | W18: H | X18: 800 | Y18: 0 | AI18: 5 , 223 ,155 | AJ18: =B18 -> C5 | AL18: 300 | AM18: 500 | AN18: =AM18-60 -> 440 | AO18: =G18 -> 1277.31 | AP18: =P18 -> 48.74 | AQ18: =R18 -> 26.72 | AR18: =AP18+(AQ18*AM18/AL18*((1-AS$2)/AS$2)) -> 72.719487 | AS18: =AQ18+(AP18*AL18/AM18*((1-AS$2)/AS$2)) -> 42.466769 | AT18: =MAX(AR18:AS18) -> 72.719487 | AU18: =AT18/AO18 -> 0.056931745 | AV18: =IF(AU18<=1,"Compression","Tention") -> Compression | AW18: =IF(MAX(AP18*1000/AO18,AQ18*1000/AO18)>0.1*AM18,IF(IF(AV18="Compression",2*(0.5+AU18*10^3/(AN18-BD$2))*(-AL18*AM$2*AM18/(1.18+3*AU18*10^3*AM18/AN18^2)+AO18*10^3/AU$2)/AO$2,2*AO18*1000*(AU18*1000-0.5*AM18+0.2*AN18)/(AU$2*fy*(AN18-BD$2)))<0.01*AL18*AM18,(0.01*AL18*AM18),IF(AV18="Compression",2*(0.5+AU18*10^3/(AN18-60))*(-AL18*AM$2*AM18/(1.18+3*AU18*10^3*AM18/AN18^2)+AO18*10^3/AU$2)/AO$2,2*AO18*1000*(AU18*1000-0.5*AM18+0.2*AN18)/(AU$2*fy*(AN18-BD$2)))),MAX((AO18*1000/(0.8*AU$2)-0.85*fc*AL18*AM18)/(fy-0.85*fc),0.01*AL18*AM18)) -> 1500 | AX18: =AW18/4 -> 375 | AY18: =AW18/(AL18*AM18) -> 0.01 | AZ18: =EVEN(AW18/(PI()*BB18^2/4)) -> 10 | BA18: φ | BB18: 14 | BC18: 24.37 | BD18: =MIN(fc^0.5*AL18*AN18/(6*1000),fc^0.5*(AL18-60)*AM18/(6*1000)) -> 105.83005 | BE18: =(BC18-BF$2*BD18)/BF$2 -> -73.336719 | BF18: =FLOOR(MIN(AL18/2,MIN((3*AZ$2*BI$2/AM18),(16*AZ$2*BI$2/(fc^0.5*AM18))),(8*BB18),(24*AX$2),300),10) -> 110 | BG18: =MAX(MAX(AL18,AM18),(F18/6),450) -> 500 | BH18: =IF(BC18<0.5*BD18*BF$2,"No Need Shear Reinf.",IF(BC18<=BD18*BF$2,BF18,IF(BE18>4*BD18,"Increase b & d",FLOOR(AZ$2*BI$2*AN18/(BE18*1000),50)))) -> No Need Shear Reinf. | BI18: =IF(BH18="No Need Shear Reinf.","Use Φ"&AX$2&"@"&MIN(BF18,BH18)&"mm",IF(BH18="Increase b & d","Increase b & d","Use Φ"&AX$2&"@"&MIN(BF18,BH18)&"mm")) -> Use Φ10@110mm | BJ18: =AL18 -> 300 | BK18: =AM18 -> 500 | BL18: =0.85*(600*AN18)/(600+fy) -> 220 | BM18: =0.85*(600*(BJ18-60))/(600+fy) -> 120 | BN18: =600*(BL18/0.85-60)*0.85/BL18 -> 460.90909 | BO18: =600*(BM18/0.85-60)*0.85/BM18 -> 345 | BP18: =IF(BN18>fy,(0.85*fc*BL18*BJ18+CG18*(fy-0.85*fc)-CG18*fy),(0.85*fc*BL18*BJ18+CG18*(BN18-0.85*fc)-CG18*fy))/1000 -> 1561.637 | BQ18: =IF(BO18>fy,(0.85*fc*BM18*BK18+CG18*(fy-0.85*fc)-CG18*fy),(0.85*fc*BM18*BK18+CG18*(BO18-0.85*fc)-CG18*fy))/1000 -> 1389.962 | BR18: =IF(BN18>fy,(0.85*fc*BL18*BJ18*(BK18/2-BL18/2)+CG18*(fy-0.85*fc)*(BK18/2-60)+CG18*fy*(BK18/2-60)),(0.85*fc*BL18*BJ18*(AN18-BL18/2-60)+CG18*(BN18-0.85*fc)*(BK18/2-60)+CG18*fy*(BK18/2-60)))/1000000 -> 279.61703 | BS18: =IF(BO18>fy,(0.85*fc*BM18*BK18*((BJ18-60)-BM18/2-60)+CG18*(fy-0.85*AM$2)*(BJ18/2-60)-CG18*fy*(BJ18/2-60)),(0.85*fc*BM18*BK18*((BJ18-60)-BM18/2-60)+CG18*(BO18-0.85*fc)*(BJ18/2-60)-CG18*fy*(BJ18/2-60)))/1000000 -> 167.93658 | BT18: =BR18/BP18 -> 0.17905379 | BU18: =BS18/BQ18 -> 0.12082099 | BV18: =AP18/AO18 -> 0.038158317 | BW18: =AQ18/AO18 -> 0.020918963 | BX18: =IF(BT18>BV18,"Compression Controls","Tension Controls") -> Compression Controls | BY18: =IF(BU18>BW18,"Compression Controls","Tension Controls") -> Compression Controls | BZ18: =IF(BX18="Compression Controls",CO18,DG18) -> 3282.7414 | CA18: =IF(BY18="Compression Controls",CX18,DP18) -> 3312.9686 | CB18: =(0.85*fc*BJ18*BK18+CG18*4*(fy-0.85*fc))/1000 -> 4180.148 | CC18: =IF(MAX(AP18*1000/AO18,AQ18*1000/AO18)>0.1*AM18,AU$2/(1/BZ18+1/CA18-1/CB18),AU$2*0.8*CB18) -> 2173.677 | CD18: =IF(CC18>=AO18,"Safe ","Unsafe") -> Safe | CG18: =(AZ18*0.25*22/7*BB18^2)/4 -> 385 | CH18: =BK18-60 -> 440 | CI18: =BV18*1000+BK18/2-60 -> 228.15832 | CJ18: =0.85*fc*BJ18/(2*CI18) -> 15.64703 | CK18: =0.85*fc*BJ18*(1-CH18/CI18) -> -6629.3863 | CL18: =(600*CG18+CG18*(fy-0.85*fc)*(1-(CH18-60)/CI18)) -> 129485.07 | CM18: =-510*CH18*CG18 -> -86394000 | CN18: =(((CK18*CL18/(6*CJ18^2)-(CK18/(3*CJ18))^3-CM18/(2*CJ18))^2+(-(CK18^2/(9*CJ18^2))+CL18/(3*CJ18))^3)^0.5+CK18*CL18/(6*CJ18^2)-CK18^3/(27*CJ18^3)-CM18/(2*CJ18))^(1/3)+(-(((CK18*CL18/(6*CJ18^2)-(CK18/(3*CJ18))^3-CM18/(2*CJ18))^2+(-(CK18^2/(9*CJ18^2))+CL18/(3*CJ18))^3)^0.5)+CK18*CL18/(6*CJ18^2)-CK18^3/(27*CJ18^3)-CM18/(2*CJ18))^(1/3)-CK18/(3*CJ18) -> 433.93537 | CO18: =((0.85*fc*CN18*BJ18)+(CG18*(fy-0.85*fc))-(CG18*600*((0.85*CH18)-CN18)/CN18))/1000 -> 3282.7414 | CQ18: =BJ18-60 -> 240 | CR18: =BW18*1000+BJ18/2-60 -> 110.91896 | CS18: =0.85*fc*BK18/(2*CR18) -> 53.642766 | CT18: =0.85*fc*BK18*(1-CQ18/CR18) -> -13848.528 | CU18: =(600*CG18+CG18*(fy-0.85*fc)*(1-(CQ18-60)/CR18)) -> 135998.98 | CV18: =-510*CQ18*CG18 -> -47124000 | CW18: =(((CT18*CU18/(6*CS18^2)-(CT18/(3*CS18))^3-CV18/(2*CS18))^2+(-(CT18^2/(9*CS18^2))+CU18/(3*CS18))^3)^0.5+CT18*CU18/(6*CS18^2)-CT18^3/(27*CS18^3)-CV18/(2*CS18))^(1/3)+(-(((CT18*CU18/(6*CS18^2)-(CT18/(3*CS18))^3-CV18/(2*CS18))^2+(-(CT18^2/(9*CS18^2))+CU18/(3*CS18))^3)^0.5)+CT18*CU18/(6*CS18^2)-CT18^3/(27*CS18^3)-CV18/(2*CS18))^(1/3)-CT18/(3*CS18) -> 261.32431 | CX18: =((0.85*fc*CW18*BK18)+(CG18*(fy-0.85*fc))-(CG18*600*((0.85*CQ18)-CW18)/CW18))/1000 -> 3312.9686 | CZ18: =0.425*fc*BJ18 -> 3570 | DA18: =2*CZ18*(CI18-CH18) -> -1512549.6 | DB18: =CG18*(fy-0.85*fc)*(CI18-CH18+60)-CG18*fy*CI18 -> -60054675 | DC18: =(-DA18+(DA18^2-4*CZ18*DB18)^0.5)/(2*CZ18) -> 460.23439 | DD18: =600*(DC18/0.85-60)*0.85/DC18 -> 533.51214 | DE18: =IF(DD18>fy,DB18,CG18*(DD18-0.85*fc)*(CI18-CH18+60)-CG18*fy*CI18) -> -60054675 | DF18: =(-DA18+(DA18^2-4*CZ18*DE18)^0.5)/(2*CZ18) -> 460.23439 | DG18: =IF(DD18>fy,(0.85*fc*DF18*BJ18+CG18*(fy-0.85*fc)-CG18*fy),(0.85*fc*DF18*BJ18+CG18*(DD18-0.85*fc)-CG18*fy))/1000 -> 3276.9105 | DI18: =0.425*fc*BK18 -> 5950 | DJ18: =2*DI18*(CR18-CQ18) -> -1536064.3 | DK18: =CG18*(fy-0.85*fc)*(CR18-CQ18+60)-CG18*fy*CR18 -> -28473010 | DL18: =(-DJ18+(DJ18^2-4*DI18*DK18)^0.5)/(2*DI18) -> 275.52998 | DM18: =600*(DL18/0.85-60)*0.85/DC18 -> 292.71605 | DN18: =IF(DM18>fy,DK18,CG18*(DM18-0.85*fc)*(CR18-CQ18+60)-CG18*fy*CR18) -> -25087741 | DO18: =(-DJ18+(DJ18^2-4*DI18*DN18)^0.5)/(2*DI18) -> 273.57443 | DP18: =IF(DM18>fy,(0.85*fc*DO18*BK18+CG18*(fy-0.85*fc)-CG18*fy),(0.85*fc*DO18*BK18+CG18*(DM18-0.85*fc)-CG18*fy))/1000 -> 3197.3684 | DT18: =B18 -> C5 | DU18: =AZ18 -> 10 | DV18: =BA18 -> φ | DW18: =BB18 -> 14
A19: MIDAH | B19: C6 | C19: 60 | D19: 300 | E19: 500 | F19: 1600 | G19: 859.25 | H19: -16.35 | I19: 0 | J19: 2.52 | K19: 0 | L19: =(0.9*F19)/(0.3*E19) -> 9.6 | M19: =IF(P19>Q19,(34-12*I19/H19),(34-12*H19/I19)) -> 34 | N19: =IF(L19<=M19,"sho.col","long.col") -> sho.col | P19: =ABS(H19) -> 16.35 | Q19: =ABS(I19) -> 0 | R19: =ABS(J19) -> 2.52 | S19: =ABS(K19) -> 0 | W19: L | X19: 5200 | Y19: 0 | Z19: 0 | AA19: 0 | AB19: 0 | AC19: 0 | AI19: 6 , 224 , 156 | AJ19: =B19 -> C6 | AL19: 300 | AM19: 500 | AN19: =AM19-60 -> 440 | AO19: =G19 -> 859.25 | AP19: =P19 -> 16.35 | AQ19: =R19 -> 2.52 | AR19: =AP19+(AQ19*AM19/AL19*((1-AS$2)/AS$2)) -> 18.611538 | AS19: =AQ19+(AP19*AL19/AM19*((1-AS$2)/AS$2)) -> 7.8023077 | AT19: =MAX(AR19:AS19) -> 18.611538 | AU19: =AT19/AO19 -> 0.021660214 | AV19: =IF(AU19<=1,"Compression","Tention") -> Compression | AW19: =IF(MAX(AP19*1000/AO19,AQ19*1000/AO19)>0.1*AM19,IF(IF(AV19="Compression",2*(0.5+AU19*10^3/(AN19-BD$2))*(-AL19*AM$2*AM19/(1.18+3*AU19*10^3*AM19/AN19^2)+AO19*10^3/AU$2)/AO$2,2*AO19*1000*(AU19*1000-0.5*AM19+0.2*AN19)/(AU$2*fy*(AN19-BD$2)))<0.01*AL19*AM19,(0.01*AL19*AM19),IF(AV19="Compression",2*(0.5+AU19*10^3/(AN19-60))*(-AL19*AM$2*AM19/(1.18+3*AU19*10^3*AM19/AN19^2)+AO19*10^3/AU$2)/AO$2,2*AO19*1000*(AU19*1000-0.5*AM19+0.2*AN19)/(AU$2*fy*(AN19-BD$2)))),MAX((AO19*1000/(0.8*AU$2)-0.85*fc*AL19*AM19)/(fy-0.85*fc),0.01*AL19*AM19)) -> 1500 | AX19: =AW19/4 -> 375 | AY19: =AW19/(AL19*AM19) -> 0.01 | AZ19: =EVEN(AW19/(PI()*BB19^2/4)) -> 10 | BA19: φ | BB19: 14 | BC19: 8.18 | BD19: =MIN(fc^0.5*AL19*AN19/(6*1000),fc^0.5*(AL19-60)*AM19/(6*1000)) -> 105.83005 | BE19: =(BC19-BF$2*BD19)/BF$2 -> -94.923386 | BF19: =FLOOR(MIN(AL19/2,MIN((3*AZ$2*BI$2/AM19),(16*AZ$2*BI$2/(fc^0.5*AM19))),(8*BB19),(24*AX$2),300),10) -> 110 | BG19: =MAX(MAX(AL19,AM19),(F19/6),450) -> 500 | BH19: =IF(BC19<0.5*BD19*BF$2,"No Need Shear Reinf.",IF(BC19<=BD19*BF$2,BF19,IF(BE19>4*BD19,"Increase b & d",FLOOR(AZ$2*BI$2*AN19/(BE19*1000),50)))) -> No Need Shear Reinf. | BI19: =IF(BH19="No Need Shear Reinf.","Use Φ"&AX$2&"@"&MIN(BF19,BH19)&"mm",IF(BH19="Increase b & d","Increase b & d","Use Φ"&AX$2&"@"&MIN(BF19,BH19)&"mm")) -> Use Φ10@110mm | BJ19: =AL19 -> 300 | BK19: =AM19 -> 500 | BL19: =0.85*(600*AN19)/(600+fy) -> 220 | BM19: =0.85*(600*(BJ19-60))/(600+fy) -> 120 | BN19: =600*(BL19/0.85-60)*0.85/BL19 -> 460.90909 | BO19: =600*(BM19/0.85-60)*0.85/BM19 -> 345 | BP19: =IF(BN19>fy,(0.85*fc*BL19*BJ19+CG19*(fy-0.85*fc)-CG19*fy),(0.85*fc*BL19*BJ19+CG19*(BN19-0.85*fc)-CG19*fy))/1000 -> 1561.637 | BQ19: =IF(BO19>fy,(0.85*fc*BM19*BK19+CG19*(fy-0.85*fc)-CG19*fy),(0.85*fc*BM19*BK19+CG19*(BO19-0.85*fc)-CG19*fy))/1000 -> 1389.962 | BR19: =IF(BN19>fy,(0.85*fc*BL19*BJ19*(BK19/2-BL19/2)+CG19*(fy-0.85*fc)*(BK19/2-60)+CG19*fy*(BK19/2-60)),(0.85*fc*BL19*BJ19*(AN19-BL19/2-60)+CG19*(BN19-0.85*fc)*(BK19/2-60)+CG19*fy*(BK19/2-60)))/1000000 -> 279.61703 | BS19: =IF(BO19>fy,(0.85*fc*BM19*BK19*((BJ19-60)-BM19/2-60)+CG19*(fy-0.85*AM$2)*(BJ19/2-60)-CG19*fy*(BJ19/2-60)),(0.85*fc*BM19*BK19*((BJ19-60)-BM19/2-60)+CG19*(BO19-0.85*fc)*(BJ19/2-60)-CG19*fy*(BJ19/2-60)))/1000000 -> 167.93658 | BT19: =BR19/BP19 -> 0.17905379 | BU19: =BS19/BQ19 -> 0.12082099 | BV19: =AP19/AO19 -> 0.019028222 | BW19: =AQ19/AO19 -> 0.0029327902 | BX19: =IF(BT19>BV19,"Compression Controls","Tension Controls") -> Compression Controls | BY19: =IF(BU19>BW19,"Compression Controls","Tension Controls") -> Compression Controls | BZ19: =IF(BX19="Compression Controls",CO19,DG19) -> 3566.8515 | CA19: =IF(BY19="Compression Controls",CX19,DP19) -> 3769.2794 | CB19: =(0.85*fc*BJ19*BK19+CG19*4*(fy-0.85*fc))/1000 -> 4180.148 | CC19: =IF(MAX(AP19*1000/AO19,AQ19*1000/AO19)>0.1*AM19,AU$2/(1/BZ19+1/CA19-1/CB19),AU$2*0.8*CB19) -> 2173.677 | CD19: =IF(CC19>=AO19,"Safe ","Unsafe") -> Safe | CG19: =(AZ19*0.25*22/7*BB19^2)/4 -> 385 | CH19: =BK19-60 -> 440 | CI19: =BV19*1000+BK19/2-60 -> 209.02822 | CJ19: =0.85*fc*BJ19/(2*CI19) -> 17.079033 | CK19: =0.85*fc*BJ19*(1-CH19/CI19) -> -7889.5494 | CL19: =(600*CG19+CG19*(fy-0.85*fc)*(1-(CH19-60)/CI19)) -> 106234.45 | CM19: =-510*CH19*CG19 -> -86394000 | CN19: =(((CK19*CL19/(6*CJ19^2)-(CK19/(3*CJ19))^3-CM19/(2*CJ19))^2+(-(CK19^2/(9*CJ19^2))+CL19/(3*CJ19))^3)^0.5+CK19*CL19/(6*CJ19^2)-CK19^3/(27*CJ19^3)-CM19/(2*CJ19))^(1/3)+(-(((CK19*CL19/(6*CJ19^2)-(CK19/(3*CJ19))^3-CM19/(2*CJ19))^2+(-(CK19^2/(9*CJ19^2))+CL19/(3*CJ19))^3)^0.5)+CK19*CL19/(6*CJ19^2)-CK19^3/(27*CJ19^3)-CM19/(2*CJ19))^(1/3)-CK19/(3*CJ19) -> 471.50488 | CO19: =((0.85*fc*CN19*BJ19)+(CG19*(fy-0.85*fc))-(CG19*600*((0.85*CH19)-CN19)/CN19))/1000 -> 3566.8515 | CQ19: =BJ19-60 -> 240 | CR19: =BW19*1000+BJ19/2-60 -> 92.93279 | CS19: =0.85*fc*BK19/(2*CR19) -> 64.024764 | CT19: =0.85*fc*BK19*(1-CQ19/CR19) -> -18831.887 | CU19: =(600*CG19+CG19*(fy-0.85*fc)*(1-(CQ19-60)/CR19)) -> 88090.582 | CV19: =-510*CQ19*CG19 -> -47124000 | CW19: =(((CT19*CU19/(6*CS19^2)-(CT19/(3*CS19))^3-CV19/(2*CS19))^2+(-(CT19^2/(9*CS19^2))+CU19/(3*CS19))^3)^0.5+CT19*CU19/(6*CS19^2)-CT19^3/(27*CS19^3)-CV19/(2*CS19))^(1/3)+(-(((CT19*CU19/(6*CS19^2)-(CT19/(3*CS19))^3-CV19/(2*CS19))^2+(-(CT19^2/(9*CS19^2))+CU19/(3*CS19))^3)^0.5)+CT19*CU19/(6*CS19^2)-CT19^3/(27*CS19^3)-CV19/(2*CS19))^(1/3)-CT19/(3*CS19) -> 297.8131 | CX19: =((0.85*fc*CW19*BK19)+(CG19*(fy-0.85*fc))-(CG19*600*((0.85*CQ19)-CW19)/CW19))/1000 -> 3769.2794 | CZ19: =0.425*fc*BJ19 -> 3570 | DA19: =2*CZ19*(CI19-CH19) -> -1649138.5 | DB19: =CG19*(fy-0.85*fc)*(CI19-CH19+60)-CG19*fy*CI19 -> -59879386 | DC19: =(-DA19+(DA19^2-4*CZ19*DB19)^0.5)/(2*CZ19) -> 495.77529 | DD19: =600*(DC19/0.85-60)*0.85/DC19 -> 538.27849 | DE19: =IF(DD19>fy,DB19,CG19*(DD19-0.85*fc)*(CI19-CH19+60)-CG19*fy*CI19) -> -59879386 | DF19: =(-DA19+(DA19^2-4*CZ19*DE19)^0.5)/(2*CZ19) -> 495.77529 | DG19: =IF(DD19>fy,(0.85*fc*DF19*BJ19+CG19*(fy-0.85*fc)-CG19*fy),(0.85*fc*DF19*BJ19+CG19*(DD19-0.85*fc)-CG19*fy))/1000 -> 3530.6726 | DI19: =0.425*fc*BK19 -> 5950 | DJ19: =2*DI19*(CR19-CQ19) -> -1750099.8 | DK19: =CG19*(fy-0.85*fc)*(CR19-CQ19+60)-CG19*fy*CR19 -> -28308203 | DL19: =(-DJ19+(DJ19^2-4*DI19*DK19)^0.5)/(2*DI19) -> 309.50626 | DM19: =600*(DL19/0.85-60)*0.85/DC19 -> 312.85092 | DN19: =IF(DM19>fy,DK19,CG19*(DM19-0.85*fc)*(CR19-CQ19+60)-CG19*fy*CR19) -> -24716472 | DO19: =(-DJ19+(DJ19^2-4*DI19*DN19)^0.5)/(2*DI19) -> 307.63742 | DP19: =IF(DM19>fy,(0.85*fc*DO19*BK19+CG19*(fy-0.85*fc)-CG19*fy),(0.85*fc*DO19*BK19+CG19*(DM19-0.85*fc)-CG19*fy))/1000 -> 3610.4699 | DT19: =B19 -> C6 | DU19: =AZ19 -> 10 | DV19: =BA19 -> φ | DW19: =BB19 -> 14
A20: MIDAH | B20: C10 | C20: 24 | D20: 300 | E20: 500 | F20: 1600 | G20: 762.55 | H20: -16.6 | I20: 0 | J20: 1.05 | K20: 0 | L20: =(0.9*F20)/(0.3*E20) -> 9.6 | M20: =IF(P20>Q20,(34-12*I20/H20),(34-12*H20/I20)) -> 34 | N20: =IF(L20<=M20,"sho.col","long.col") -> sho.col | P20: =ABS(H20) -> 16.6 | Q20: =ABS(I20) -> 0 | R20: =ABS(J20) -> 1.05 | S20: =ABS(K20) -> 0 | W20: I/L | X20: =(X17*X18^3/12)/X19 -> 4102564.1 | Y20: 0 | AI20: 10 , 228 ,160 | AJ20: =B20 -> C10 | AL20: 300 | AM20: 500 | AN20: =AM20-60 -> 440 | AO20: =G20 -> 762.55 | AP20: =P20 -> 16.6 | AQ20: =R20 -> 1.05 | AR20: =AP20+(AQ20*AM20/AL20*((1-AS$2)/AS$2)) -> 17.542308 | AS20: =AQ20+(AP20*AL20/AM20*((1-AS$2)/AS$2)) -> 6.4130769 | AT20: =MAX(AR20:AS20) -> 17.542308 | AU20: =AT20/AO20 -> 0.023004797 | AV20: =IF(AU20<=1,"Compression","Tention") -> Compression | AW20: =IF(MAX(AP20*1000/AO20,AQ20*1000/AO20)>0.1*AM20,IF(IF(AV20="Compression",2*(0.5+AU20*10^3/(AN20-BD$2))*(-AL20*AM$2*AM20/(1.18+3*AU20*10^3*AM20/AN20^2)+AO20*10^3/AU$2)/AO$2,2*AO20*1000*(AU20*1000-0.5*AM20+0.2*AN20)/(AU$2*fy*(AN20-BD$2)))<0.01*AL20*AM20,(0.01*AL20*AM20),IF(AV20="Compression",2*(0.5+AU20*10^3/(AN20-60))*(-AL20*AM$2*AM20/(1.18+3*AU20*10^3*AM20/AN20^2)+AO20*10^3/AU$2)/AO$2,2*AO20*1000*(AU20*1000-0.5*AM20+0.2*AN20)/(AU$2*fy*(AN20-BD$2)))),MAX((AO20*1000/(0.8*AU$2)-0.85*fc*AL20*AM20)/(fy-0.85*fc),0.01*AL20*AM20)) -> 1500 | AX20: =AW20/4 -> 375 | AY20: =AW20/(AL20*AM20) -> 0.01 | AZ20: =EVEN(AW20/(PI()*BB20^2/4)) -> 10 | BA20: φ | BB20: 14 | BC20: 8.3 | BD20: =MIN(fc^0.5*AL20*AN20/(6*1000),fc^0.5*(AL20-60)*AM20/(6*1000)) -> 105.83005 | BE20: =(BC20-BF$2*BD20)/BF$2 -> -94.763386 | BF20: =FLOOR(MIN(AL20/2,MIN((3*AZ$2*BI$2/AM20),(16*AZ$2*BI$2/(fc^0.5*AM20))),(8*BB20),(24*AX$2),300),10) -> 110 | BG20: =MAX(MAX(AL20,AM20),(F20/6),450) -> 500 | BH20: =IF(BC20<0.5*BD20*BF$2,"No Need Shear Reinf.",IF(BC20<=BD20*BF$2,BF20,IF(BE20>4*BD20,"Increase b & d",FLOOR(AZ$2*BI$2*AN20/(BE20*1000),50)))) -> No Need Shear Reinf. | BI20: =IF(BH20="No Need Shear Reinf.","Use Φ"&AX$2&"@"&MIN(BF20,BH20)&"mm",IF(BH20="Increase b & d","Increase b & d","Use Φ"&AX$2&"@"&MIN(BF20,BH20)&"mm")) -> Use Φ10@110mm | BJ20: =AL20 -> 300 | BK20: =AM20 -> 500 | BL20: =0.85*(600*AN20)/(600+fy) -> 220 | BM20: =0.85*(600*(BJ20-60))/(600+fy) -> 120 | BN20: =600*(BL20/0.85-60)*0.85/BL20 -> 460.90909 | BO20: =600*(BM20/0.85-60)*0.85/BM20 -> 345 | BP20: =IF(BN20>fy,(0.85*fc*BL20*BJ20+CG20*(fy-0.85*fc)-CG20*fy),(0.85*fc*BL20*BJ20+CG20*(BN20-0.85*fc)-CG20*fy))/1000 -> 1561.637 | BQ20: =IF(BO20>fy,(0.85*fc*BM20*BK20+CG20*(fy-0.85*fc)-CG20*fy),(0.85*fc*BM20*BK20+CG20*(BO20-0.85*fc)-CG20*fy))/1000 -> 1389.962 | BR20: =IF(BN20>fy,(0.85*fc*BL20*BJ20*(BK20/2-BL20/2)+CG20*(fy-0.85*fc)*(BK20/2-60)+CG20*fy*(BK20/2-60)),(0.85*fc*BL20*BJ20*(AN20-BL20/2-60)+CG20*(BN20-0.85*fc)*(BK20/2-60)+CG20*fy*(BK20/2-60)))/1000000 -> 279.61703 | BS20: =IF(BO20>fy,(0.85*fc*BM20*BK20*((BJ20-60)-BM20/2-60)+CG20*(fy-0.85*AM$2)*(BJ20/2-60)-CG20*fy*(BJ20/2-60)),(0.85*fc*BM20*BK20*((BJ20-60)-BM20/2-60)+CG20*(BO20-0.85*fc)*(BJ20/2-60)-CG20*fy*(BJ20/2-60)))/1000000 -> 167.93658 | BT20: =BR20/BP20 -> 0.17905379 | BU20: =BS20/BQ20 -> 0.12082099 | BV20: =AP20/AO20 -> 0.021769064 | BW20: =AQ20/AO20 -> 0.0013769589 | BX20: =IF(BT20>BV20,"Compression Controls","Tension Controls") -> Compression Controls | BY20: =IF(BU20>BW20,"Compression Controls","Tension Controls") -> Compression Controls | BZ20: =IF(BX20="Compression Controls",CO20,DG20) -> 3525.9568 | CA20: =IF(BY20="Compression Controls",CX20,DP20) -> 3808.8318 | CB20: =(0.85*fc*BJ20*BK20+CG20*4*(fy-0.85*fc))/1000 -> 4180.148 | CC20: =IF(MAX(AP20*1000/AO20,AQ20*1000/AO20)>0.1*AM20,AU$2/(1/BZ20+1/CA20-1/CB20),AU$2*0.8*CB20) -> 2173.677 | CD20: =IF(CC20>=AO20,"Safe ","Unsafe") -> Safe | CG20: =(AZ20*0.25*22/7*BB20^2)/4 -> 385 | CH20: =BK20-60 -> 440 | CI20: =BV20*1000+BK20/2-60 -> 211.76906 | CJ20: =0.85*fc*BJ20/(2*CI20) -> 16.857986 | CK20: =0.85*fc*BJ20*(1-CH20/CI20) -> -7695.028 | CL20: =(600*CG20+CG20*(fy-0.85*fc)*(1-(CH20-60)/CI20)) -> 109823.46 | CM20: =-510*CH20*CG20 -> -86394000 | CN20: =(((CK20*CL20/(6*CJ20^2)-(CK20/(3*CJ20))^3-CM20/(2*CJ20))^2+(-(CK20^2/(9*CJ20^2))+CL20/(3*CJ20))^3)^0.5+CK20*CL20/(6*CJ20^2)-CK20^3/(27*CJ20^3)-CM20/(2*CJ20))^(1/3)+(-(((CK20*CL20/(6*CJ20^2)-(CK20/(3*CJ20))^3-CM20/(2*CJ20))^2+(-(CK20^2/(9*CJ20^2))+CL20/(3*CJ20))^3)^0.5)+CK20*CL20/(6*CJ20^2)-CK20^3/(27*CJ20^3)-CM20/(2*CJ20))^(1/3)-CK20/(3*CJ20) -> 466.07623 | CO20: =((0.85*fc*CN20*BJ20)+(CG20*(fy-0.85*fc))-(CG20*600*((0.85*CH20)-CN20)/CN20))/1000 -> 3525.9568 | CQ20: =BJ20-60 -> 240 | CR20: =BW20*1000+BJ20/2-60 -> 91.376959 | CS20: =0.85*fc*BK20/(2*CR20) -> 65.114883 | CT20: =0.85*fc*BK20*(1-CQ20/CR20) -> -19355.144 | CU20: =(600*CG20+CG20*(fy-0.85*fc)*(1-(CQ20-60)/CR20)) -> 83060.158 | CV20: =-510*CQ20*CG20 -> -47124000 | CW20: =(((CT20*CU20/(6*CS20^2)-(CT20/(3*CS20))^3-CV20/(2*CS20))^2+(-(CT20^2/(9*CS20^2))+CU20/(3*CS20))^3)^0.5+CT20*CU20/(6*CS20^2)-CT20^3/(27*CS20^3)-CV20/(2*CS20))^(1/3)+(-(((CT20*CU20/(6*CS20^2)-(CT20/(3*CS20))^3-CV20/(2*CS20))^2+(-(CT20^2/(9*CS20^2))+CU20/(3*CS20))^3)^0.5)+CT20*CU20/(6*CS20^2)-CT20^3/(27*CS20^3)-CV20/(2*CS20))^(1/3)-CT20/(3*CS20) -> 300.99621 | CX20: =((0.85*fc*CW20*BK20)+(CG20*(fy-0.85*fc))-(CG20*600*((0.85*CQ20)-CW20)/CW20))/1000 -> 3808.8318 | CZ20: =0.425*fc*BJ20 -> 3570 | DA20: =2*CZ20*(CI20-CH20) -> -1629568.9 | DB20: =CG20*(fy-0.85*fc)*(CI20-CH20+60)-CG20*fy*CI20 -> -59904500 | DC20: =(-DA20+(DA20^2-4*CZ20*DB20)^0.5)/(2*CZ20) -> 490.66061 | DD20: =600*(DC20/0.85-60)*0.85/DC20 -> 537.6351 | DE20: =IF(DD20>fy,DB20,CG20*(DD20-0.85*fc)*(CI20-CH20+60)-CG20*fy*CI20) -> -59904500 | DF20: =(-DA20+(DA20^2-4*CZ20*DE20)^0.5)/(2*CZ20) -> 490.66061 | DG20: =IF(DD20>fy,(0.85*fc*DF20*BJ20+CG20*(fy-0.85*fc)-CG20*fy),(0.85*fc*DF20*BJ20+CG20*(DD20-0.85*fc)-CG20*fy))/1000 -> 3494.1537 | DI20: =0.425*fc*BK20 -> 5950 | DJ20: =2*DI20*(CR20-CQ20) -> -1768614.2 | DK20: =CG20*(fy-0.85*fc)*(CR20-CQ20+60)-CG20*fy*CR20 -> -28293947 | DL20: =(-DJ20+(DJ20^2-4*DI20*DK20)^0.5)/(2*DI20) -> 312.46471 | DM20: =600*(DL20/0.85-60)*0.85/DC20 -> 319.72982 | DN20: =IF(DM20>fy,DK20,CG20*(DM20-0.85*fc)*(CR20-CQ20+60)-CG20*fy*CR20) -> -24872742 | DO20: =(-DJ20+(DJ20^2-4*DI20*DN20)^0.5)/(2*DI20) -> 310.70049 | DP20: =IF(DM20>fy,(0.85*fc*DO20*BK20+CG20*(fy-0.85*fc)-CG20*fy),(0.85*fc*DO20*BK20+CG20*(DM20-0.85*fc)-CG20*fy))/1000 -> 3649.5689 | DT20: =B20 -> C10 | DU20: =AZ20 -> 10 | DV20: =BA20 -> φ | DW20: =BB20 -> 14
A21: MIDAH | B21: C18 | C21: 27 | D21: 300 | E21: 600 | F21: 1600 | G21: 903.88 | H21: -46.9 | I21: 0 | J21: -18.13 | K21: 0 | L21: =(0.9*F21)/(0.3*E21) -> 8 | M21: =IF(P21>Q21,(34-12*I21/H21),(34-12*H21/I21)) -> 34 | N21: =IF(L21<=M21,"sho.col","long.col") -> sho.col | P21: =ABS(H21) -> 46.9 | Q21: =ABS(I21) -> 0 | R21: =ABS(J21) -> 18.13 | S21: =ABS(K21) -> 0 | U21: C3 | V21: Top | W21: B | X21: 500 | Y21: 0 | Z21: 1000 | AA21: 1000 | AB21: 4350 | AC21: =(Z21*AA21^3/12)/AB21 -> 19157088 | AD21: =(0.7*(AC21+AC23))/(0.35*(X24+Y24)) -> 24.394024 | AE21: =MIN(MIN(1,(0.7+0.05*(AD21+AD25))),MIN(1,(0.85+0.05*MIN(AD21,AD25)))) -> 0.9 | AI21: 18 , 226 , 168 | AJ21: =B21 -> C18 | AL21: 300 | AM21: 600 | AN21: =AM21-60 -> 540 | AO21: =G21 -> 903.88 | AP21: =P21 -> 46.9 | AQ21: =R21 -> 18.13 | AR21: =AP21+(AQ21*AM21/AL21*((1-AS$2)/AS$2)) -> 66.424615 | AS21: =AQ21+(AP21*AL21/AM21*((1-AS$2)/AS$2)) -> 30.756923 | AT21: =MAX(AR21:AS21) -> 66.424615 | AU21: =AT21/AO21 -> 0.073488312 | AV21: =IF(AU21<=1,"Compression","Tention") -> Compression | AW21: =IF(MAX(AP21*1000/AO21,AQ21*1000/AO21)>0.1*AM21,IF(IF(AV21="Compression",2*(0.5+AU21*10^3/(AN21-BD$2))*(-AL21*AM$2*AM21/(1.18+3*AU21*10^3*AM21/AN21^2)+AO21*10^3/AU$2)/AO$2,2*AO21*1000*(AU21*1000-0.5*AM21+0.2*AN21)/(AU$2*fy*(AN21-BD$2)))<0.01*AL21*AM21,(0.01*AL21*AM21),IF(AV21="Compression",2*(0.5+AU21*10^3/(AN21-60))*(-AL21*AM$2*AM21/(1.18+3*AU21*10^3*AM21/AN21^2)+AO21*10^3/AU$2)/AO$2,2*AO21*1000*(AU21*1000-0.5*AM21+0.2*AN21)/(AU$2*fy*(AN21-BD$2)))),MAX((AO21*1000/(0.8*AU$2)-0.85*fc*AL21*AM21)/(fy-0.85*fc),0.01*AL21*AM21)) -> 1800 | AX21: =AW21/4 -> 450 | AY21: =AW21/(AL21*AM21) -> 0.01 | AZ21: =EVEN(AW21/(PI()*BB21^2/4)) -> 12 | BA21: φ | BB21: 14 | BC21: 23.45 | BD21: =MIN(fc^0.5*AL21*AN21/(6*1000),fc^0.5*(AL21-60)*AM21/(6*1000)) -> 126.99606 | BE21: =(BC21-BF$2*BD21)/BF$2 -> -95.729396 | BF21: =FLOOR(MIN(AL21/2,MIN((3*AZ$2*BI$2/AM21),(16*AZ$2*BI$2/(fc^0.5*AM21))),(8*BB21),(24*AX$2),300),10) -> 110 | BG21: =MAX(MAX(AL21,AM21),(F21/6),450) -> 600 | BH21: =IF(BC21<0.5*BD21*BF$2,"No Need Shear Reinf.",IF(BC21<=BD21*BF$2,BF21,IF(BE21>4*BD21,"Increase b & d",FLOOR(AZ$2*BI$2*AN21/(BE21*1000),50)))) -> No Need Shear Reinf. | BI21: =IF(BH21="No Need Shear Reinf.","Use Φ"&AX$2&"@"&MIN(BF21,BH21)&"mm",IF(BH21="Increase b & d","Increase b & d","Use Φ"&AX$2&"@"&MIN(BF21,BH21)&"mm")) -> Use Φ10@110mm | BJ21: =AL21 -> 300 | BK21: =AM21 -> 600 | BL21: =0.85*(600*AN21)/(600+fy) -> 270 | BM21: =0.85*(600*(BJ21-60))/(600+fy) -> 120 | BN21: =600*(BL21/0.85-60)*0.85/BL21 -> 486.66667 | BO21: =600*(BM21/0.85-60)*0.85/BM21 -> 345 | BP21: =IF(BN21>fy,(0.85*fc*BL21*BJ21+CG21*(fy-0.85*fc)-CG21*fy),(0.85*fc*BL21*BJ21+CG21*(BN21-0.85*fc)-CG21*fy))/1000 -> 1916.8044 | BQ21: =IF(BO21>fy,(0.85*fc*BM21*BK21+CG21*(fy-0.85*fc)-CG21*fy),(0.85*fc*BM21*BK21+CG21*(BO21-0.85*fc)-CG21*fy))/1000 -> 1667.9544 | BR21: =IF(BN21>fy,(0.85*fc*BL21*BJ21*(BK21/2-BL21/2)+CG21*(fy-0.85*fc)*(BK21/2-60)+CG21*fy*(BK21/2-60)),(0.85*fc*BL21*BJ21*(AN21-BL21/2-60)+CG21*(BN21-0.85*fc)*(BK21/2-60)+CG21*fy*(BK21/2-60)))/1000000 -> 408.58726 | BS21: =IF(BO21>fy,(0.85*fc*BM21*BK21*((BJ21-60)-BM21/2-60)+CG21*(fy-0.85*AM$2)*(BJ21/2-60)-CG21*fy*(BJ21/2-60)),(0.85*fc*BM21*BK21*((BJ21-60)-BM21/2-60)+CG21*(BO21-0.85*fc)*(BJ21/2-60)-CG21*fy*(BJ21/2-60)))/1000000 -> 201.5239 | BT21: =BR21/BP21 -> 0.21316064 | BU21: =BS21/BQ21 -> 0.12082099 | BV21: =AP21/AO21 -> 0.051887419 | BW21: =AQ21/AO21 -> 0.020057972 | BX21: =IF(BT21>BV21,"Compression Controls","Tension Controls") -> Compression Controls | BY21: =IF(BU21>BW21,"Compression Controls","Tension Controls") -> Compression Controls | BZ21: =IF(BX21="Compression Controls",CO21,DG21) -> 3856.9428 | CA21: =IF(BY21="Compression Controls",CX21,DP21) -> 4001.6838 | CB21: =(0.85*fc*BJ21*BK21+CG21*4*(fy-0.85*fc))/1000 -> 5016.1776 | CC21: =IF(MAX(AP21*1000/AO21,AQ21*1000/AO21)>0.1*AM21,AU$2/(1/BZ21+1/CA21-1/CB21),AU$2*0.8*CB21) -> 2608.4124 | CD21: =IF(CC21>=AO21,"Safe ","Unsafe") -> Safe | CG21: =(AZ21*0.25*22/7*BB21^2)/4 -> 462 | CH21: =BK21-60 -> 540 | CI21: =BV21*1000+BK21/2-60 -> 291.88742 | CJ21: =0.85*fc*BJ21/(2*CI21) -> 12.230743 | CK21: =0.85*fc*BJ21*(1-CH21/CI21) -> -6069.2024 | CL21: =(600*CG21+CG21*(fy-0.85*fc)*(1-(CH21-60)/CI21)) -> 159233.44 | CM21: =-510*CH21*CG21 -> -127234800 | CN21: =(((CK21*CL21/(6*CJ21^2)-(CK21/(3*CJ21))^3-CM21/(2*CJ21))^2+(-(CK21^2/(9*CJ21^2))+CL21/(3*CJ21))^3)^0.5+CK21*CL21/(6*CJ21^2)-CK21^3/(27*CJ21^3)-CM21/(2*CJ21))^(1/3)+(-(((CK21*CL21/(6*CJ21^2)-(CK21/(3*CJ21))^3-CM21/(2*CJ21))^2+(-(CK21^2/(9*CJ21^2))+CL21/(3*CJ21))^3)^0.5)+CK21*CL21/(6*CJ21^2)-CK21^3/(27*CJ21^3)-CM21/(2*CJ21))^(1/3)-CK21/(3*CJ21) -> 510.62638 | CO21: =((0.85*fc*CN21*BJ21)+(CG21*(fy-0.85*fc))-(CG21*600*((0.85*CH21)-CN21)/CN21))/1000 -> 3856.9428 | CQ21: =BJ21-60 -> 240 | CR21: =BW21*1000+BJ21/2-60 -> 110.05797 | CS21: =0.85*fc*BK21/(2*CR21) -> 64.8749 | CT21: =0.85*fc*BK21*(1-CQ21/CR21) -> -16859.952 | CU21: =(600*CG21+CG21*(fy-0.85*fc)*(1-(CQ21-60)/CR21)) -> 160874.97 | CV21: =-510*CQ21*CG21 -> -56548800 | CW21: =(((CT21*CU21/(6*CS21^2)-(CT21/(3*CS21))^3-CV21/(2*CS21))^2+(-(CT21^2/(9*CS21^2))+CU21/(3*CS21))^3)^0.5+CT21*CU21/(6*CS21^2)-CT21^3/(27*CS21^3)-CV21/(2*CS21))^(1/3)+(-(((CT21*CU21/(6*CS21^2)-(CT21/(3*CS21))^3-CV21/(2*CS21))^2+(-(CT21^2/(9*CS21^2))+CU21/(3*CS21))^3)^0.5)+CT21*CU21/(6*CS21^2)-CT21^3/(27*CS21^3)-CV21/(2*CS21))^(1/3)-CT21/(3*CS21) -> 263.05391 | CX21: =((0.85*fc*CW21*BK21)+(CG21*(fy-0.85*fc))-(CG21*600*((0.85*CQ21)-CW21)/CW21))/1000 -> 4001.6838 | CZ21: =0.425*fc*BJ21 -> 3570 | DA21: =2*CZ21*(CI21-CH21) -> -1771523.8 | DB21: =CG21*(fy-0.85*fc)*(CI21-CH21+60)-CG21*fy*CI21 -> -91070789 | DC21: =(-DA21+(DA21^2-4*CZ21*DB21)^0.5)/(2*CZ21) -> 543.18864 | DD21: =600*(DC21/0.85-60)*0.85/DC21 -> 543.66598 | DE21: =IF(DD21>fy,DB21,CG21*(DD21-0.85*fc)*(CI21-CH21+60)-CG21*fy*CI21) -> -91070789 | DF21: =(-DA21+(DA21^2-4*CZ21*DE21)^0.5)/(2*CZ21) -> 543.18864 | DG21: =IF(DD21>fy,(0.85*fc*DF21*BJ21+CG21*(fy-0.85*fc)-CG21*fy),(0.85*fc*DF21*BJ21+CG21*(DD21-0.85*fc)-CG21*fy))/1000 -> 3867.3713 | DI21: =0.425*fc*BK21 -> 7140 | DJ21: =2*DI21*(CR21-CQ21) -> -1855572.2 | DK21: =CG21*(fy-0.85*fc)*(CR21-CQ21+60)-CG21*fy*CR21 -> -34158145 | DL21: =(-DJ21+(DJ21^2-4*DI21*DK21)^0.5)/(2*DI21) -> 277.14592 | DM21: =600*(DL21/0.85-60)*0.85/DC21 -> 249.79821 | DN21: =IF(DM21>fy,DK21,CG21*(DM21-0.85*fc)*(CR21-CQ21+60)-CG21*fy*CR21) -> -28658378 | DO21: =(-DJ21+(DJ21^2-4*DI21*DN21)^0.5)/(2*DI21) -> 274.50589 | DP21: =IF(DM21>fy,(0.85*fc*DO21*BK21+CG21*(fy-0.85*fc)-CG21*fy),(0.85*fc*DO21*BK21+CG21*(DM21-0.85*fc)-CG21*fy))/1000 -> 3830.3152 | DT21: =B21 -> C18 | DU21: =AZ21 -> 12 | DV21: =BA21 -> φ | DW21: =BB21 -> 14
A22: Story1 | B22: C222 | C22: 36 | D22: 300 | E22: 500 | F22: 2900 | G22: 1098.62 | H22: -19.67 | I22: -46.09 | J22: 6.08 | K22: -3.53 | L22: =(0.9*F22)/(0.3*E22) -> 17.4 | M22: =IF(P22>Q22,(34-12*I22/H22),(34-12*H22/I22)) -> 28.878716 | N22: =IF(L22<=M22,"sho.col","long.col") -> sho.col | P22: =ABS(H22) -> 19.67 | Q22: =ABS(I22) -> 46.09 | R22: =ABS(J22) -> 6.08 | S22: =ABS(K22) -> 3.53 | W22: H | X22: 600 | Y22: 0 | AJ22: =B22 -> C222 | AL22: 300 | AM22: 500 | AN22: =AM22-60 -> 440 | AO22: =G22 -> 1098.62 | AP22: =P22 -> 19.67 | AQ22: =R22 -> 6.08 | AR22: =AP22+(AQ22*AM22/AL22*((1-AS$2)/AS$2)) -> 25.12641 | AS22: =AQ22+(AP22*AL22/AM22*((1-AS$2)/AS$2)) -> 12.434923 | AT22: =MAX(AR22:AS22) -> 25.12641 | AU22: =AT22/AO22 -> 0.022870884 | AV22: =IF(AU22<=1,"Compression","Tention") -> Compression | AW22: =IF(MAX(AP22*1000/AO22,AQ22*1000/AO22)>0.1*AM22,IF(IF(AV22="Compression",2*(0.5+AU22*10^3/(AN22-BD$2))*(-AL22*AM$2*AM22/(1.18+3*AU22*10^3*AM22/AN22^2)+AO22*10^3/AU$2)/AO$2,2*AO22*1000*(AU22*1000-0.5*AM22+0.2*AN22)/(AU$2*fy*(AN22-BD$2)))<0.01*AL22*AM22,(0.01*AL22*AM22),IF(AV22="Compression",2*(0.5+AU22*10^3/(AN22-60))*(-AL22*AM$2*AM22/(1.18+3*AU22*10^3*AM22/AN22^2)+AO22*10^3/AU$2)/AO$2,2*AO22*1000*(AU22*1000-0.5*AM22+0.2*AN22)/(AU$2*fy*(AN22-BD$2)))),MAX((AO22*1000/(0.8*AU$2)-0.85*fc*AL22*AM22)/(fy-0.85*fc),0.01*AL22*AM22)) -> 1500 | AX22: =AW22/4 -> 375 | AY22: =AW22/(AL22*AM22) -> 0.01 | AZ22: =EVEN(AW22/(PI()*BB22^2/4)) -> 10 | BA22: φ | BB22: 14 | BC22: 8.01 | BD22: =MIN(fc^0.5*AL22*AN22/(6*1000),fc^0.5*(AL22-60)*AM22/(6*1000)) -> 105.83005 | BE22: =(BC22-BF$2*BD22)/BF$2 -> -95.150052 | BF22: =FLOOR(MIN(AL22/2,MIN((3*AZ$2*BI$2/AM22),(16*AZ$2*BI$2/(fc^0.5*AM22))),(8*BB22),(24*AX$2),300),10) -> 110 | BG22: =MAX(MAX(AL22,AM22),(F22/6),450) -> 500 | BH22: =IF(BC22<0.5*BD22*BF$2,"No Need Shear Reinf.",IF(BC22<=BD22*BF$2,BF22,IF(BE22>4*BD22,"Increase b & d",FLOOR(AZ$2*BI$2*AN22/(BE22*1000),50)))) -> No Need Shear Reinf. | BI22: =IF(BH22="No Need Shear Reinf.","Use Φ"&AX$2&"@"&MIN(BF22,BH22)&"mm",IF(BH22="Increase b & d","Increase b & d","Use Φ"&AX$2&"@"&MIN(BF22,BH22)&"mm")) -> Use Φ10@110mm | BJ22: =AL22 -> 300 | BK22: =AM22 -> 500 | BL22: =0.85*(600*AN22)/(600+fy) -> 220 | BM22: =0.85*(600*(BJ22-60))/(600+fy) -> 120 | BN22: =600*(BL22/0.85-60)*0.85/BL22 -> 460.90909 | BO22: =600*(BM22/0.85-60)*0.85/BM22 -> 345 | BP22: =IF(BN22>fy,(0.85*fc*BL22*BJ22+CG22*(fy-0.85*fc)-CG22*fy),(0.85*fc*BL22*BJ22+CG22*(BN22-0.85*fc)-CG22*fy))/1000 -> 1561.637 | BQ22: =IF(BO22>fy,(0.85*fc*BM22*BK22+CG22*(fy-0.85*fc)-CG22*fy),(0.85*fc*BM22*BK22+CG22*(BO22-0.85*fc)-CG22*fy))/1000 -> 1389.962 | BR22: =IF(BN22>fy,(0.85*fc*BL22*BJ22*(BK22/2-BL22/2)+CG22*(fy-0.85*fc)*(BK22/2-60)+CG22*fy*(BK22/2-60)),(0.85*fc*BL22*BJ22*(AN22-BL22/2-60)+CG22*(BN22-0.85*fc)*(BK22/2-60)+CG22*fy*(BK22/2-60)))/1000000 -> 279.61703 | BS22: =IF(BO22>fy,(0.85*fc*BM22*BK22*((BJ22-60)-BM22/2-60)+CG22*(fy-0.85*AM$2)*(BJ22/2-60)-CG22*fy*(BJ22/2-60)),(0.85*fc*BM22*BK22*((BJ22-60)-BM22/2-60)+CG22*(BO22-0.85*fc)*(BJ22/2-60)-CG22*fy*(BJ22/2-60)))/1000000 -> 167.93658 | BT22: =BR22/BP22 -> 0.17905379 | BU22: =BS22/BQ22 -> 0.12082099 | BV22: =AP22/AO22 -> 0.01790428 | BW22: =AQ22/AO22 -> 0.0055342157 | BX22: =IF(BT22>BV22,"Compression Controls","Tension Controls") -> Compression Controls | BY22: =IF(BU22>BW22,"Compression Controls","Tension Controls") -> Compression Controls | BZ22: =IF(BX22="Compression Controls",CO22,DG22) -> 3583.636 | CA22: =IF(BY22="Compression Controls",CX22,DP22) -> 3703.1563 | CB22: =(0.85*fc*BJ22*BK22+CG22*4*(fy-0.85*fc))/1000 -> 4180.148 | CC22: =IF(MAX(AP22*1000/AO22,AQ22*1000/AO22)>0.1*AM22,AU$2/(1/BZ22+1/CA22-1/CB22),AU$2*0.8*CB22) -> 2173.677 | CD22: =IF(CC22>=AO22,"Safe ","Unsafe") -> Safe | CG22: =(AZ22*0.25*22/7*BB22^2)/4 -> 385 | CH22: =BK22-60 -> 440 | CI22: =BV22*1000+BK22/2-60 -> 207.90428 | CJ22: =0.85*fc*BJ22/(2*CI22) -> 17.171364 | CK22: =0.85*fc*BJ22*(1-CH22/CI22) -> -7970.8 | CL22: =(600*CG22+CG22*(fy-0.85*fc)*(1-(CH22-60)/CI22)) -> 104735.33 | CM22: =-510*CH22*CG22 -> -86394000 | CN22: =(((CK22*CL22/(6*CJ22^2)-(CK22/(3*CJ22))^3-CM22/(2*CJ22))^2+(-(CK22^2/(9*CJ22^2))+CL22/(3*CJ22))^3)^0.5+CK22*CL22/(6*CJ22^2)-CK22^3/(27*CJ22^3)-CM22/(2*CJ22))^(1/3)+(-(((CK22*CL22/(6*CJ22^2)-(CK22/(3*CJ22))^3-CM22/(2*CJ22))^2+(-(CK22^2/(9*CJ22^2))+CL22/(3*CJ22))^3)^0.5)+CK22*CL22/(6*CJ22^2)-CK22^3/(27*CJ22^3)-CM22/(2*CJ22))^(1/3)-CK22/(3*CJ22) -> 473.73485 | CO22: =((0.85*fc*CN22*BJ22)+(CG22*(fy-0.85*fc))-(CG22*600*((0.85*CH22)-CN22)/CN22))/1000 -> 3583.636 | CQ22: =BJ22-60 -> 240 | CR22: =BW22*1000+BJ22/2-60 -> 95.534216 | CS22: =0.85*fc*BK22/(2*CR22) -> 62.281351 | CT22: =0.85*fc*BK22*(1-CQ22/CR22) -> -17995.048 | CU22: =(600*CG22+CG22*(fy-0.85*fc)*(1-(CQ22-60)/CR22)) -> 96135.677 | CV22: =-510*CQ22*CG22 -> -47124000 | CW22: =(((CT22*CU22/(6*CS22^2)-(CT22/(3*CS22))^3-CV22/(2*CS22))^2+(-(CT22^2/(9*CS22^2))+CU22/(3*CS22))^3)^0.5+CT22*CU22/(6*CS22^2)-CT22^3/(27*CS22^3)-CV22/(2*CS22))^(1/3)+(-(((CT22*CU22/(6*CS22^2)-(CT22/(3*CS22))^3-CV22/(2*CS22))^2+(-(CT22^2/(9*CS22^2))+CU22/(3*CS22))^3)^0.5)+CT22*CU22/(6*CS22^2)-CT22^3/(27*CS22^3)-CV22/(2*CS22))^(1/3)-CT22/(3*CS22) -> 292.49815 | CX22: =((0.85*fc*CW22*BK22)+(CG22*(fy-0.85*fc))-(CG22*600*((0.85*CQ22)-CW22)/CW22))/1000 -> 3703.1563 | CZ22: =0.425*fc*BJ22 -> 3570 | DA22: =2*CZ22*(CI22-CH22) -> -1657163.4 | DB22: =CG22*(fy-0.85*fc)*(CI22-CH22+60)-CG22*fy*CI22 -> -59869087 | DC22: =(-DA22+(DA22^2-4*CZ22*DB22)^0.5)/(2*CZ22) -> 497.87472 | DD22: =600*(DC22/0.85-60)*0.85/DC22 -> 538.53876 | DE22: =IF(DD22>fy,DB22,CG22*(DD22-0.85*fc)*(CI22-CH22+60)-CG22*fy*CI22) -> -59869087 | DF22: =(-DA22+(DA22^2-4*CZ22*DE22)^0.5)/(2*CZ22) -> 497.87472 | DG22: =IF(DD22>fy,(0.85*fc*DF22*BJ22+CG22*(fy-0.85*fc)-CG22*fy),(0.85*fc*DF22*BJ22+CG22*(DD22-0.85*fc)-CG22*fy))/1000 -> 3545.6625 | DI22: =0.425*fc*BK22 -> 5950 | DJ22: =2*DI22*(CR22-CQ22) -> -1719142.8 | DK22: =CG22*(fy-0.85*fc)*(CR22-CQ22+60)-CG22*fy*CR22 -> -28332040 | DL22: =(-DJ22+(DJ22^2-4*DI22*DK22)^0.5)/(2*DI22) -> 304.56591 | DM22: =600*(DL22/0.85-60)*0.85/DC22 -> 305.57797 | DN22: =IF(DM22>fy,DK22,CG22*(DM22-0.85*fc)*(CR22-CQ22+60)-CG22*fy*CR22) -> -24611113 | DO22: =(-DJ22+(DJ22^2-4*DI22*DN22)^0.5)/(2*DI22) -> 302.6008 | DP22: =IF(DM22>fy,(0.85*fc*DO22*BK22+CG22*(fy-0.85*fc)-CG22*fy),(0.85*fc*DO22*BK22+CG22*(DM22-0.85*fc)-CG22*fy))/1000 -> 3547.7341 | DT22: =B22 -> C222 | DU22: =AZ22 -> 10 | DV22: =BA22 -> φ | DW22: =BB22 -> 14
A23: Story1 | B23: C223 | C23: 39 | D23: 300 | E23: 500 | F23: 2900 | G23: 993.36 | H23: 4.23 | I23: 74.85 | J23: -25.35 | K23: 22.4 | L23: =(0.9*F23)/(0.3*E23) -> 17.4 | M23: =IF(P23>Q23,(34-12*I23/H23),(34-12*H23/I23)) -> 33.321844 | N23: =IF(L23<=M23,"sho.col","long.col") -> sho.col | P23: =ABS(H23) -> 4.23 | Q23: =ABS(I23) -> 74.85 | R23: =ABS(J23) -> 25.35 | S23: =ABS(K23) -> 22.4 | W23: L | X23: 5200 | Y23: 0 | Z23: =D7 -> 300 | AA23: =E7 -> 500 | AB23: =F7 -> 1600 | AC23: =(Z23*AA23^3/12)/AB23 -> 1953125 | AJ23: =B23 -> C223 | AL23: 300 | AM23: 500 | AN23: =AM23-60 -> 440 | AO23: =G23 -> 993.36 | AP23: =P23 -> 4.23 | AQ23: =R23 -> 25.35 | AR23: =AP23+(AQ23*AM23/AL23*((1-AS$2)/AS$2)) -> 26.98 | AS23: =AQ23+(AP23*AL23/AM23*((1-AS$2)/AS$2)) -> 26.716615 | AT23: =MAX(AR23:AS23) -> 26.98 | AU23: =AT23/AO23 -> 0.027160345 | AV23: =IF(AU23<=1,"Compression","Tention") -> Compression | AW23: =IF(MAX(AP23*1000/AO23,AQ23*1000/AO23)>0.1*AM23,IF(IF(AV23="Compression",2*(0.5+AU23*10^3/(AN23-BD$2))*(-AL23*AM$2*AM23/(1.18+3*AU23*10^3*AM23/AN23^2)+AO23*10^3/AU$2)/AO$2,2*AO23*1000*(AU23*1000-0.5*AM23+0.2*AN23)/(AU$2*fy*(AN23-BD$2)))<0.01*AL23*AM23,(0.01*AL23*AM23),IF(AV23="Compression",2*(0.5+AU23*10^3/(AN23-60))*(-AL23*AM$2*AM23/(1.18+3*AU23*10^3*AM23/AN23^2)+AO23*10^3/AU$2)/AO$2,2*AO23*1000*(AU23*1000-0.5*AM23+0.2*AN23)/(AU$2*fy*(AN23-BD$2)))),MAX((AO23*1000/(0.8*AU$2)-0.85*fc*AL23*AM23)/(fy-0.85*fc),0.01*AL23*AM23)) -> 1500 | AX23: =AW23/4 -> 375 | AY23: =AW23/(AL23*AM23) -> 0.01 | AZ23: =EVEN(AW23/(PI()*BB23^2/4)) -> 10 | BA23: φ | BB23: 14 | BC23: 21.4 | BD23: =MIN(fc^0.5*AL23*AN23/(6*1000),fc^0.5*(AL23-60)*AM23/(6*1000)) -> 105.83005 | BE23: =(BC23-BF$2*BD23)/BF$2 -> -77.296719 | BF23: =FLOOR(MIN(AL23/2,MIN((3*AZ$2*BI$2/AM23),(16*AZ$2*BI$2/(fc^0.5*AM23))),(8*BB23),(24*AX$2),300),10) -> 110 | BG23: =MAX(MAX(AL23,AM23),(F23/6),450) -> 500 | BH23: =IF(BC23<0.5*BD23*BF$2,"No Need Shear Reinf.",IF(BC23<=BD23*BF$2,BF23,IF(BE23>4*BD23,"Increase b & d",FLOOR(AZ$2*BI$2*AN23/(BE23*1000),50)))) -> No Need Shear Reinf. | BI23: =IF(BH23="No Need Shear Reinf.","Use Φ"&AX$2&"@"&MIN(BF23,BH23)&"mm",IF(BH23="Increase b & d","Increase b & d","Use Φ"&AX$2&"@"&MIN(BF23,BH23)&"mm")) -> Use Φ10@110mm | BJ23: =AL23 -> 300 | BK23: =AM23 -> 500 | BL23: =0.85*(600*AN23)/(600+fy) -> 220 | BM23: =0.85*(600*(BJ23-60))/(600+fy) -> 120 | BN23: =600*(BL23/0.85-60)*0.85/BL23 -> 460.90909 | BO23: =600*(BM23/0.85-60)*0.85/BM23 -> 345 | BP23: =IF(BN23>fy,(0.85*fc*BL23*BJ23+CG23*(fy-0.85*fc)-CG23*fy),(0.85*fc*BL23*BJ23+CG23*(BN23-0.85*fc)-CG23*fy))/1000 -> 1561.637 | BQ23: =IF(BO23>fy,(0.85*fc*BM23*BK23+CG23*(fy-0.85*fc)-CG23*fy),(0.85*fc*BM23*BK23+CG23*(BO23-0.85*fc)-CG23*fy))/1000 -> 1389.962 | BR23: =IF(BN23>fy,(0.85*fc*BL23*BJ23*(BK23/2-BL23/2)+CG23*(fy-0.85*fc)*(BK23/2-60)+CG23*fy*(BK23/2-60)),(0.85*fc*BL23*BJ23*(AN23-BL23/2-60)+CG23*(BN23-0.85*fc)*(BK23/2-60)+CG23*fy*(BK23/2-60)))/1000000 -> 279.61703 | BS23: =IF(BO23>fy,(0.85*fc*BM23*BK23*((BJ23-60)-BM23/2-60)+CG23*(fy-0.85*AM$2)*(BJ23/2-60)-CG23*fy*(BJ23/2-60)),(0.85*fc*BM23*BK23*((BJ23-60)-BM23/2-60)+CG23*(BO23-0.85*fc)*(BJ23/2-60)-CG23*fy*(BJ23/2-60)))/1000000 -> 167.93658 | BT23: =BR23/BP23 -> 0.17905379 | BU23: =BS23/BQ23 -> 0.12082099 | BV23: =AP23/AO23 -> 0.0042582749 | BW23: =AQ23/AO23 -> 0.025519449 | BX23: =IF(BT23>BV23,"Compression Controls","Tension Controls") -> Compression Controls | BY23: =IF(BU23>BW23,"Compression Controls","Tension Controls") -> Compression Controls | BZ23: =IF(BX23="Compression Controls",CO23,DG23) -> 3787.9816 | CA23: =IF(BY23="Compression Controls",CX23,DP23) -> 3196.8841 | CB23: =(0.85*fc*BJ23*BK23+CG23*4*(fy-0.85*fc))/1000 -> 4180.148 | CC23: =IF(MAX(AP23*1000/AO23,AQ23*1000/AO23)>0.1*AM23,AU$2/(1/BZ23+1/CA23-1/CB23),AU$2*0.8*CB23) -> 2173.677 | CD23: =IF(CC23>=AO23,"Safe ","Unsafe") -> Safe | CG23: =(AZ23*0.25*22/7*BB23^2)/4 -> 385 | CH23: =BK23-60 -> 440 | CI23: =BV23*1000+BK23/2-60 -> 194.25827 | CJ23: =0.85*fc*BJ23/(2*CI23) -> 18.377596 | CK23: =0.85*fc*BJ23*(1-CH23/CI23) -> -9032.284 | CL23: =(600*CG23+CG23*(fy-0.85*fc)*(1-(CH23-60)/CI23)) -> 85150.432 | CM23: =-510*CH23*CG23 -> -86394000 | CN23: =(((CK23*CL23/(6*CJ23^2)-(CK23/(3*CJ23))^3-CM23/(2*CJ23))^2+(-(CK23^2/(9*CJ23^2))+CL23/(3*CJ23))^3)^0.5+CK23*CL23/(6*CJ23^2)-CK23^3/(27*CJ23^3)-CM23/(2*CJ23))^(1/3)+(-(((CK23*CL23/(6*CJ23^2)-(CK23/(3*CJ23))^3-CM23/(2*CJ23))^2+(-(CK23^2/(9*CJ23^2))+CL23/(3*CJ23))^3)^0.5)+CK23*CL23/(6*CJ23^2)-CK23^3/(27*CJ23^3)-CM23/(2*CJ23))^(1/3)-CK23/(3*CJ23) -> 500.96629 | CO23: =((0.85*fc*CN23*BJ23)+(CG23*(fy-0.85*fc))-(CG23*600*((0.85*CH23)-CN23)/CN23))/1000 -> 3787.9816 | CQ23: =BJ23-60 -> 240 | CR23: =BW23*1000+BJ23/2-60 -> 115.51945 | CS23: =0.85*fc*BK23/(2*CR23) -> 51.506478 | CT23: =0.85*fc*BK23*(1-CQ23/CR23) -> -12823.11 | CU23: =(600*CG23+CG23*(fy-0.85*fc)*(1-(CQ23-60)/CR23)) -> 145857.02 | CV23: =-510*CQ23*CG23 -> -47124000 | CW23: =(((CT23*CU23/(6*CS23^2)-(CT23/(3*CS23))^3-CV23/(2*CS23))^2+(-(CT23^2/(9*CS23^2))+CU23/(3*CS23))^3)^0.5+CT23*CU23/(6*CS23^2)-CT23^3/(27*CS23^3)-CV23/(2*CS23))^(1/3)+(-(((CT23*CU23/(6*CS23^2)-(CT23/(3*CS23))^3-CV23/(2*CS23))^2+(-(CT23^2/(9*CS23^2))+CU23/(3*CS23))^3)^0.5)+CT23*CU23/(6*CS23^2)-CT23^3/(27*CS23^3)-CV23/(2*CS23))^(1/3)-CT23/(3*CS23) -> 252.12238 | CX23: =((0.85*fc*CW23*BK23)+(CG23*(fy-0.85*fc))-(CG23*600*((0.85*CQ23)-CW23)/CW23))/1000 -> 3196.8841 | CZ23: =0.425*fc*BJ23 -> 3570 | DA23: =2*CZ23*(CI23-CH23) -> -1754595.9 | DB23: =CG23*(fy-0.85*fc)*(CI23-CH23+60)-CG23*fy*CI23 -> -59744049 | DC23: =(-DA23+(DA23^2-4*CZ23*DB23)^0.5)/(2*CZ23) -> 523.45385 | DD23: =600*(DC23/0.85-60)*0.85/DC23 -> 541.54212 | DE23: =IF(DD23>fy,DB23,CG23*(DD23-0.85*fc)*(CI23-CH23+60)-CG23*fy*CI23) -> -59744049 | DF23: =(-DA23+(DA23^2-4*CZ23*DE23)^0.5)/(2*CZ23) -> 523.45385 | DG23: =IF(DD23>fy,(0.85*fc*DF23*BJ23+CG23*(fy-0.85*fc)-CG23*fy),(0.85*fc*DF23*BJ23+CG23*(DD23-0.85*fc)-CG23*fy))/1000 -> 3728.2975 | DI23: =0.425*fc*BK23 -> 5950 | DJ23: =2*DI23*(CR23-CQ23) -> -1481318.6 | DK23: =CG23*(fy-0.85*fc)*(CR23-CQ23+60)-CG23*fy*CR23 -> -28515165 | DL23: =(-DJ23+(DJ23^2-4*DI23*DK23)^0.5)/(2*DI23) -> 266.91605 | DM23: =600*(DL23/0.85-60)*0.85/DC23 -> 247.49007 | DN23: =IF(DM23>fy,DK23,CG23*(DM23-0.85*fc)*(CR23-CQ23+60)-CG23*fy*CR23) -> -24232604 | DO23: =(-DJ23+(DJ23^2-4*DI23*DN23)^0.5)/(2*DI23) -> 264.36663 | DP23: =IF(DM23>fy,(0.85*fc*DO23*BK23+CG23*(fy-0.85*fc)-CG23*fy),(0.85*fc*DO23*BK23+CG23*(DM23-0.85*fc)-CG23*fy))/1000 -> 3070.3835 | DT23: =B23 -> C223 | DU23: =AZ23 -> 10 | DV23: =BA23 -> φ | DW23: =BB23 -> 14
A24: Story1 | B24: C224 | C24: 42 | D24: 300 | E24: 500 | F24: 2900 | G24: 695.95 | H24: 9.46 | I24: -16.24 | J24: -27.31 | K24: 2.54 | L24: =(0.9*F24)/(0.3*E24) -> 17.4 | M24: =IF(P24>Q24,(34-12*I24/H24),(34-12*H24/I24)) -> 40.990148 | N24: =IF(L24<=M24,"sho.col","long.col") -> sho.col | P24: =ABS(H24) -> 9.46 | Q24: =ABS(I24) -> 16.24 | R24: =ABS(J24) -> 27.31 | S24: =ABS(K24) -> 2.54 | W24: I/L | X24: =(X21*X22^3/12)/X23 -> 1730769.2 | Y24: 0 | AJ24: =B24 -> C224 | AL24: 300 | AM24: 500 | AN24: =AM24-60 -> 440 | AO24: =G24 -> 695.95 | AP24: =P24 -> 9.46 | AQ24: =R24 -> 27.31 | AR24: =AP24+(AQ24*AM24/AL24*((1-AS$2)/AS$2)) -> 33.968974 | AS24: =AQ24+(AP24*AL24/AM24*((1-AS$2)/AS$2)) -> 30.366308 | AT24: =MAX(AR24:AS24) -> 33.968974 | AU24: =AT24/AO24 -> 0.048809504 | AV24: =IF(AU24<=1,"Compression","Tention") -> Compression | AW24: =IF(MAX(AP24*1000/AO24,AQ24*1000/AO24)>0.1*AM24,IF(IF(AV24="Compression",2*(0.5+AU24*10^3/(AN24-BD$2))*(-AL24*AM$2*AM24/(1.18+3*AU24*10^3*AM24/AN24^2)+AO24*10^3/AU$2)/AO$2,2*AO24*1000*(AU24*1000-0.5*AM24+0.2*AN24)/(AU$2*fy*(AN24-BD$2)))<0.01*AL24*AM24,(0.01*AL24*AM24),IF(AV24="Compression",2*(0.5+AU24*10^3/(AN24-60))*(-AL24*AM$2*AM24/(1.18+3*AU24*10^3*AM24/AN24^2)+AO24*10^3/AU$2)/AO$2,2*AO24*1000*(AU24*1000-0.5*AM24+0.2*AN24)/(AU$2*fy*(AN24-BD$2)))),MAX((AO24*1000/(0.8*AU$2)-0.85*fc*AL24*AM24)/(fy-0.85*fc),0.01*AL24*AM24)) -> 1500 | AX24: =AW24/4 -> 375 | AY24: =AW24/(AL24*AM24) -> 0.01 | AZ24: =EVEN(AW24/(PI()*BB24^2/4)) -> 10 | BA24: φ | BB24: 14 | BC24: 9.05 | BD24: =MIN(fc^0.5*AL24*AN24/(6*1000),fc^0.5*(AL24-60)*AM24/(6*1000)) -> 105.83005 | BE24: =(BC24-BF$2*BD24)/BF$2 -> -93.763386 | BF24: =FLOOR(MIN(AL24/2,MIN((3*AZ$2*BI$2/AM24),(16*AZ$2*BI$2/(fc^0.5*AM24))),(8*BB24),(24*AX$2),300),10) -> 110 | BG24: =MAX(MAX(AL24,AM24),(F24/6),450) -> 500 | BH24: =IF(BC24<0.5*BD24*BF$2,"No Need Shear Reinf.",IF(BC24<=BD24*BF$2,BF24,IF(BE24>4*BD24,"Increase b & d",FLOOR(AZ$2*BI$2*AN24/(BE24*1000),50)))) -> No Need Shear Reinf. | BI24: =IF(BH24="No Need Shear Reinf.","Use Φ"&AX$2&"@"&MIN(BF24,BH24)&"mm",IF(BH24="Increase b & d","Increase b & d","Use Φ"&AX$2&"@"&MIN(BF24,BH24)&"mm")) -> Use Φ10@110mm | BJ24: =AL24 -> 300 | BK24: =AM24 -> 500 | BL24: =0.85*(600*AN24)/(600+fy) -> 220 | BM24: =0.85*(600*(BJ24-60))/(600+fy) -> 120 | BN24: =600*(BL24/0.85-60)*0.85/BL24 -> 460.90909 | BO24: =600*(BM24/0.85-60)*0.85/BM24 -> 345 | BP24: =IF(BN24>fy,(0.85*fc*BL24*BJ24+CG24*(fy-0.85*fc)-CG24*fy),(0.85*fc*BL24*BJ24+CG24*(BN24-0.85*fc)-CG24*fy))/1000 -> 1561.637 | BQ24: =IF(BO24>fy,(0.85*fc*BM24*BK24+CG24*(fy-0.85*fc)-CG24*fy),(0.85*fc*BM24*BK24+CG24*(BO24-0.85*fc)-CG24*fy))/1000 -> 1389.962 | BR24: =IF(BN24>fy,(0.85*fc*BL24*BJ24*(BK24/2-BL24/2)+CG24*(fy-0.85*fc)*(BK24/2-60)+CG24*fy*(BK24/2-60)),(0.85*fc*BL24*BJ24*(AN24-BL24/2-60)+CG24*(BN24-0.85*fc)*(BK24/2-60)+CG24*fy*(BK24/2-60)))/1000000 -> 279.61703 | BS24: =IF(BO24>fy,(0.85*fc*BM24*BK24*((BJ24-60)-BM24/2-60)+CG24*(fy-0.85*AM$2)*(BJ24/2-60)-CG24*fy*(BJ24/2-60)),(0.85*fc*BM24*BK24*((BJ24-60)-BM24/2-60)+CG24*(BO24-0.85*fc)*(BJ24/2-60)-CG24*fy*(BJ24/2-60)))/1000000 -> 167.93658 | BT24: =BR24/BP24 -> 0.17905379 | BU24: =BS24/BQ24 -> 0.12082099 | BV24: =AP24/AO24 -> 0.013592931 | BW24: =AQ24/AO24 -> 0.039241325 | BX24: =IF(BT24>BV24,"Compression Controls","Tension Controls") -> Compression Controls | BY24: =IF(BU24>BW24,"Compression Controls","Tension Controls") -> Compression Controls | BZ24: =IF(BX24="Compression Controls",CO24,DG24) -> 3648.0922 | CA24: =IF(BY24="Compression Controls",CX24,DP24) -> 2854.1419 | CB24: =(0.85*fc*BJ24*BK24+CG24*4*(fy-0.85*fc))/1000 -> 4180.148 | CC24: =IF(MAX(AP24*1000/AO24,AQ24*1000/AO24)>0.1*AM24,AU$2/(1/BZ24+1/CA24-1/CB24),AU$2*0.8*CB24) -> 2173.677 | CD24: =IF(CC24>=AO24,"Safe ","Unsafe") -> Safe | CG24: =(AZ24*0.25*22/7*BB24^2)/4 -> 385 | CH24: =BK24-60 -> 440 | CI24: =BV24*1000+BK24/2-60 -> 203.59293 | CJ24: =0.85*fc*BJ24/(2*CI24) -> 17.53499 | CK24: =0.85*fc*BJ24*(1-CH24/CI24) -> -8290.7912 | CL24: =(600*CG24+CG24*(fy-0.85*fc)*(1-(CH24-60)/CI24)) -> 98831.338 | CM24: =-510*CH24*CG24 -> -86394000 | CN24: =(((CK24*CL24/(6*CJ24^2)-(CK24/(3*CJ24))^3-CM24/(2*CJ24))^2+(-(CK24^2/(9*CJ24^2))+CL24/(3*CJ24))^3)^0.5+CK24*CL24/(6*CJ24^2)-CK24^3/(27*CJ24^3)-CM24/(2*CJ24))^(1/3)+(-(((CK24*CL24/(6*CJ24^2)-(CK24/(3*CJ24))^3-CM24/(2*CJ24))^2+(-(CK24^2/(9*CJ24^2))+CL24/(3*CJ24))^3)^0.5)+CK24*CL24/(6*CJ24^2)-CK24^3/(27*CJ24^3)-CM24/(2*CJ24))^(1/3)-CK24/(3*CJ24) -> 482.30831 | CO24: =((0.85*fc*CN24*BJ24)+(CG24*(fy-0.85*fc))-(CG24*600*((0.85*CH24)-CN24)/CN24))/1000 -> 3648.0922 | CQ24: =BJ24-60 -> 240 | CR24: =BW24*1000+BJ24/2-60 -> 129.24132 | CS24: =0.85*fc*BK24/(2*CR24) -> 46.037906 | CT24: =0.85*fc*BK24*(1-CQ24/CR24) -> -10198.195 | CU24: =(600*CG24+CG24*(fy-0.85*fc)*(1-(CQ24-60)/CR24)) -> 171092.1 | CV24: =-510*CQ24*CG24 -> -47124000 | CW24: =(((CT24*CU24/(6*CS24^2)-(CT24/(3*CS24))^3-CV24/(2*CS24))^2+(-(CT24^2/(9*CS24^2))+CU24/(3*CS24))^3)^0.5+CT24*CU24/(6*CS24^2)-CT24^3/(27*CS24^3)-CV24/(2*CS24))^(1/3)+(-(((CT24*CU24/(6*CS24^2)-(CT24/(3*CS24))^3-CV24/(2*CS24))^2+(-(CT24^2/(9*CS24^2))+CU24/(3*CS24))^3)^0.5)+CT24*CU24/(6*CS24^2)-CT24^3/(27*CS24^3)-CV24/(2*CS24))^(1/3)-CT24/(3*CS24) -> 225.19836 | CX24: =((0.85*fc*CW24*BK24)+(CG24*(fy-0.85*fc))-(CG24*600*((0.85*CQ24)-CW24)/CW24))/1000 -> 2854.1419 | CZ24: =0.425*fc*BJ24 -> 3570 | DA24: =2*CZ24*(CI24-CH24) -> -1687946.5 | DB24: =CG24*(fy-0.85*fc)*(CI24-CH24+60)-CG24*fy*CI24 -> -59829582 | DC24: =(-DA24+(DA24^2-4*CZ24*DB24)^0.5)/(2*CZ24) -> 505.93868 | DD24: =600*(DC24/0.85-60)*0.85/DC24 -> 539.51836 | DE24: =IF(DD24>fy,DB24,CG24*(DD24-0.85*fc)*(CI24-CH24+60)-CG24*fy*CI24) -> -59829582 | DF24: =(-DA24+(DA24^2-4*CZ24*DE24)^0.5)/(2*CZ24) -> 505.93868 | DG24: =IF(DD24>fy,(0.85*fc*DF24*BJ24+CG24*(fy-0.85*fc)-CG24*fy),(0.85*fc*DF24*BJ24+CG24*(DD24-0.85*fc)-CG24*fy))/1000 -> 3603.2392 | DI24: =0.425*fc*BK24 -> 5950 | DJ24: =2*DI24*(CR24-CQ24) -> -1318028.2 | DK24: =CG24*(fy-0.85*fc)*(CR24-CQ24+60)-CG24*fy*CR24 -> -28640898 | DL24: =(-DJ24+(DJ24^2-4*DI24*DK24)^0.5)/(2*DI24) -> 241.45328 | DM24: =600*(DL24/0.85-60)*0.85/DC24 -> 225.8613 | DN24: =IF(DM24>fy,DK24,CG24*(DM24-0.85*fc)*(CR24-CQ24+60)-CG24*fy*CR24) -> -24847022 | DO24: =(-DJ24+(DJ24^2-4*DI24*DN24)^0.5)/(2*DI24) -> 238.99071 | DP24: =IF(DM24>fy,(0.85*fc*DO24*BK24+CG24*(fy-0.85*fc)-CG24*fy),(0.85*fc*DO24*BK24+CG24*(DM24-0.85*fc)-CG24*fy))/1000 -> 2760.083 | DT24: =B24 -> C224 | DU24: =AZ24 -> 10 | DV24: =BA24 -> φ | DW24: =BB24 -> 14
A25: Story1 | B25: C228 | C25: 18 | D25: 300 | E25: 500 | F25: 2900 | G25: 604.05 | H25: 25.72 | I25: 16.2 | J25: -7.99 | K25: -1.38 | L25: =(0.9*F25)/(0.3*E25) -> 17.4 | M25: =IF(P25>Q25,(34-12*I25/H25),(34-12*H25/I25)) -> 26.44168 | N25: =IF(L25<=M25,"sho.col","long.col") -> sho.col | P25: =ABS(H25) -> 25.72 | Q25: =ABS(I25) -> 16.2 | R25: =ABS(J25) -> 7.99 | S25: =ABS(K25) -> 1.38 | V25: Bottom | W25: B | X25: 500 | Y25: 0 | Z25: 500 | AA25: 501 | AB25: 502 | AC25: 0 | AD25: 1 | AJ25: =B25 -> C228 | AL25: 300 | AM25: 500 | AN25: =AM25-60 -> 440 | AO25: =G25 -> 604.05 | AP25: =P25 -> 25.72 | AQ25: =R25 -> 7.99 | AR25: =AP25+(AQ25*AM25/AL25*((1-AS$2)/AS$2)) -> 32.890513 | AS25: =AQ25+(AP25*AL25/AM25*((1-AS$2)/AS$2)) -> 16.299538 | AT25: =MAX(AR25:AS25) -> 32.890513 | AU25: =AT25/AO25 -> 0.054449984 | AV25: =IF(AU25<=1,"Compression","Tention") -> Compression | AW25: =IF(MAX(AP25*1000/AO25,AQ25*1000/AO25)>0.1*AM25,IF(IF(AV25="Compression",2*(0.5+AU25*10^3/(AN25-BD$2))*(-AL25*AM$2*AM25/(1.18+3*AU25*10^3*AM25/AN25^2)+AO25*10^3/AU$2)/AO$2,2*AO25*1000*(AU25*1000-0.5*AM25+0.2*AN25)/(AU$2*fy*(AN25-BD$2)))<0.01*AL25*AM25,(0.01*AL25*AM25),IF(AV25="Compression",2*(0.5+AU25*10^3/(AN25-60))*(-AL25*AM$2*AM25/(1.18+3*AU25*10^3*AM25/AN25^2)+AO25*10^3/AU$2)/AO$2,2*AO25*1000*(AU25*1000-0.5*AM25+0.2*AN25)/(AU$2*fy*(AN25-BD$2)))),MAX((AO25*1000/(0.8*AU$2)-0.85*fc*AL25*AM25)/(fy-0.85*fc),0.01*AL25*AM25)) -> 1500 | AX25: =AW25/4 -> 375 | AY25: =AW25/(AL25*AM25) -> 0.01 | AZ25: =EVEN(AW25/(PI()*BB25^2/4)) -> 10 | BA25: φ | BB25: 14 | BC25: 2.88 | BD25: =MIN(fc^0.5*AL25*AN25/(6*1000),fc^0.5*(AL25-60)*AM25/(6*1000)) -> 105.83005 | BE25: =(BC25-BF$2*BD25)/BF$2 -> -101.99005 | BF25: =FLOOR(MIN(AL25/2,MIN((3*AZ$2*BI$2/AM25),(16*AZ$2*BI$2/(fc^0.5*AM25))),(8*BB25),(24*AX$2),300),10) -> 110 | BG25: =MAX(MAX(AL25,AM25),(F25/6),450) -> 500 | BH25: =IF(BC25<0.5*BD25*BF$2,"No Need Shear Reinf.",IF(BC25<=BD25*BF$2,BF25,IF(BE25>4*BD25,"Increase b & d",FLOOR(AZ$2*BI$2*AN25/(BE25*1000),50)))) -> No Need Shear Reinf. | BI25: =IF(BH25="No Need Shear Reinf.","Use Φ"&AX$2&"@"&MIN(BF25,BH25)&"mm",IF(BH25="Increase b & d","Increase b & d","Use Φ"&AX$2&"@"&MIN(BF25,BH25)&"mm")) -> Use Φ10@110mm | BJ25: =AL25 -> 300 | BK25: =AM25 -> 500 | BL25: =0.85*(600*AN25)/(600+fy) -> 220 | BM25: =0.85*(600*(BJ25-60))/(600+fy) -> 120 | BN25: =600*(BL25/0.85-60)*0.85/BL25 -> 460.90909 | BO25: =600*(BM25/0.85-60)*0.85/BM25 -> 345 | BP25: =IF(BN25>fy,(0.85*fc*BL25*BJ25+CG25*(fy-0.85*fc)-CG25*fy),(0.85*fc*BL25*BJ25+CG25*(BN25-0.85*fc)-CG25*fy))/1000 -> 1561.637 | BQ25: =IF(BO25>fy,(0.85*fc*BM25*BK25+CG25*(fy-0.85*fc)-CG25*fy),(0.85*fc*BM25*BK25+CG25*(BO25-0.85*fc)-CG25*fy))/1000 -> 1389.962 | BR25: =IF(BN25>fy,(0.85*fc*BL25*BJ25*(BK25/2-BL25/2)+CG25*(fy-0.85*fc)*(BK25/2-60)+CG25*fy*(BK25/2-60)),(0.85*fc*BL25*BJ25*(AN25-BL25/2-60)+CG25*(BN25-0.85*fc)*(BK25/2-60)+CG25*fy*(BK25/2-60)))/1000000 -> 279.61703 | BS25: =IF(BO25>fy,(0.85*fc*BM25*BK25*((BJ25-60)-BM25/2-60)+CG25*(fy-0.85*AM$2)*(BJ25/2-60)-CG25*fy*(BJ25/2-60)),(0.85*fc*BM25*BK25*((BJ25-60)-BM25/2-60)+CG25*(BO25-0.85*fc)*(BJ25/2-60)-CG25*fy*(BJ25/2-60)))/1000000 -> 167.93658 | BT25: =BR25/BP25 -> 0.17905379 | BU25: =BS25/BQ25 -> 0.12082099 | BV25: =AP25/AO25 -> 0.042579257 | BW25: =AQ25/AO25 -> 0.013227382 | BX25: =IF(BT25>BV25,"Compression Controls","Tension Controls") -> Compression Controls | BY25: =IF(BU25>BW25,"Compression Controls","Tension Controls") -> Compression Controls | BZ25: =IF(BX25="Compression Controls",CO25,DG25) -> 3217.6241 | CA25: =IF(BY25="Compression Controls",CX25,DP25) -> 3507.7805 | CB25: =(0.85*fc*BJ25*BK25+CG25*4*(fy-0.85*fc))/1000 -> 4180.148 | CC25: =IF(MAX(AP25*1000/AO25,AQ25*1000/AO25)>0.1*AM25,AU$2/(1/BZ25+1/CA25-1/CB25),AU$2*0.8*CB25) -> 2173.677 | CD25: =IF(CC25>=AO25,"Safe ","Unsafe") -> Safe | CG25: =(AZ25*0.25*22/7*BB25^2)/4 -> 385 | CH25: =BK25-60 -> 440 | CI25: =BV25*1000+BK25/2-60 -> 232.57926 | CJ25: =0.85*fc*BJ25/(2*CI25) -> 15.349606 | CK25: =0.85*fc*BJ25*(1-CH25/CI25) -> -6367.6535 | CL25: =(600*CG25+CG25*(fy-0.85*fc)*(1-(CH25-60)/CI25)) -> 134314.17 | CM25: =-510*CH25*CG25 -> -86394000 | CN25: =(((CK25*CL25/(6*CJ25^2)-(CK25/(3*CJ25))^3-CM25/(2*CJ25))^2+(-(CK25^2/(9*CJ25^2))+CL25/(3*CJ25))^3)^0.5+CK25*CL25/(6*CJ25^2)-CK25^3/(27*CJ25^3)-CM25/(2*CJ25))^(1/3)+(-(((CK25*CL25/(6*CJ25^2)-(CK25/(3*CJ25))^3-CM25/(2*CJ25))^2+(-(CK25^2/(9*CJ25^2))+CL25/(3*CJ25))^3)^0.5)+CK25*CL25/(6*CJ25^2)-CK25^3/(27*CJ25^3)-CM25/(2*CJ25))^(1/3)-CK25/(3*CJ25) -> 425.37636 | CO25: =((0.85*fc*CN25*BJ25)+(CG25*(fy-0.85*fc))-(CG25*600*((0.85*CH25)-CN25)/CN25))/1000 -> 3217.6241 | CQ25: =BJ25-60 -> 240 | CR25: =BW25*1000+BJ25/2-60 -> 103.22738 | CS25: =0.85*fc*BK25/(2*CR25) -> 57.639745 | CT25: =0.85*fc*BK25*(1-CQ25/CR25) -> -15767.078 | CU25: =(600*CG25+CG25*(fy-0.85*fc)*(1-(CQ25-60)/CR25)) -> 117554.67 | CV25: =-510*CQ25*CG25 -> -47124000 | CW25: =(((CT25*CU25/(6*CS25^2)-(CT25/(3*CS25))^3-CV25/(2*CS25))^2+(-(CT25^2/(9*CS25^2))+CU25/(3*CS25))^3)^0.5+CT25*CU25/(6*CS25^2)-CT25^3/(27*CS25^3)-CV25/(2*CS25))^(1/3)+(-(((CT25*CU25/(6*CS25^2)-(CT25/(3*CS25))^3-CV25/(2*CS25))^2+(-(CT25^2/(9*CS25^2))+CU25/(3*CS25))^3)^0.5)+CT25*CU25/(6*CS25^2)-CT25^3/(27*CS25^3)-CV25/(2*CS25))^(1/3)-CT25/(3*CS25) -> 276.84548 | CX25: =((0.85*fc*CW25*BK25)+(CG25*(fy-0.85*fc))-(CG25*600*((0.85*CQ25)-CW25)/CW25))/1000 -> 3507.7805 | CZ25: =0.425*fc*BJ25 -> 3570 | DA25: =2*CZ25*(CI25-CH25) -> -1480984.1 | DB25: =CG25*(fy-0.85*fc)*(CI25-CH25+60)-CG25*fy*CI25 -> -60095184 | DC25: =(-DA25+(DA25^2-4*CZ25*DB25)^0.5)/(2*CZ25) -> 452.07713 | DD25: =600*(DC25/0.85-60)*0.85/DC25 -> 532.31244 | DE25: =IF(DD25>fy,DB25,CG25*(DD25-0.85*fc)*(CI25-CH25+60)-CG25*fy*CI25) -> -60095184 | DF25: =(-DA25+(DA25^2-4*CZ25*DE25)^0.5)/(2*CZ25) -> 452.07713 | DG25: =IF(DD25>fy,(0.85*fc*DF25*BJ25+CG25*(fy-0.85*fc)-CG25*fy),(0.85*fc*DF25*BJ25+CG25*(DD25-0.85*fc)-CG25*fy))/1000 -> 3218.6677 | DI25: =0.425*fc*BK25 -> 5950 | DJ25: =2*DI25*(CR25-CQ25) -> -1627594.2 | DK25: =CG25*(fy-0.85*fc)*(CR25-CQ25+60)-CG25*fy*CR25 -> -28402532 | DL25: =(-DJ25+(DJ25^2-4*DI25*DK25)^0.5)/(2*DI25) -> 290.0054 | DM25: =600*(DL25/0.85-60)*0.85/DC25 -> 317.20967 | DN25: =IF(DM25>fy,DK25,CG25*(DM25-0.85*fc)*(CR25-CQ25+60)-CG25*fy*CR25) -> -25364312 | DO25: =(-DJ25+(DJ25^2-4*DI25*DN25)^0.5)/(2*DI25) -> 288.33006 | DP25: =IF(DM25>fy,(0.85*fc*DO25*BK25+CG25*(fy-0.85*fc)-CG25*fy),(0.85*fc*DO25*BK25+CG25*(DM25-0.85*fc)-CG25*fy))/1000 -> 3382.3905 | DT25: =B25 -> C228 | DU25: =AZ25 -> 10 | DV25: =BA25 -> φ | DW25: =BB25 -> 14
A26: Story1 | B26: C236 | C26: 30 | D26: 200 | E26: 500 | F26: 2900 | G26: 624.37 | H26: -47.34 | I26: 69.01 | J26: 10.69 | K26: 2.86 | L26: =(0.9*F26)/(0.3*E26) -> 17.4 | M26: =IF(P26>Q26,(34-12*I26/H26),(34-12*H26/I26)) -> 42.23185 | N26: =IF(L26<=M26,"sho.col","long.col") -> sho.col | P26: =ABS(H26) -> 47.34 | Q26: =ABS(I26) -> 69.01 | R26: =ABS(J26) -> 10.69 | S26: =ABS(K26) -> 2.86 | W26: H | X26: 600 | Y26: 0 | AJ26: =B26 -> C236 | AL26: 200 | AM26: 500 | AN26: =AM26-60 -> 440 | AO26: =G26 -> 624.37 | AP26: =P26 -> 47.34 | AQ26: =R26 -> 10.69 | AR26: =AP26+(AQ26*AM26/AL26*((1-AS$2)/AS$2)) -> 61.730385 | AS26: =AQ26+(AP26*AL26/AM26*((1-AS$2)/AS$2)) -> 20.886308 | AT26: =MAX(AR26:AS26) -> 61.730385 | AU26: =AT26/AO26 -> 0.098868275 | AV26: =IF(AU26<=1,"Compression","Tention") -> Compression | AW26: =IF(MAX(AP26*1000/AO26,AQ26*1000/AO26)>0.1*AM26,IF(IF(AV26="Compression",2*(0.5+AU26*10^3/(AN26-BD$2))*(-AL26*AM$2*AM26/(1.18+3*AU26*10^3*AM26/AN26^2)+AO26*10^3/AU$2)/AO$2,2*AO26*1000*(AU26*1000-0.5*AM26+0.2*AN26)/(AU$2*fy*(AN26-BD$2)))<0.01*AL26*AM26,(0.01*AL26*AM26),IF(AV26="Compression",2*(0.5+AU26*10^3/(AN26-60))*(-AL26*AM$2*AM26/(1.18+3*AU26*10^3*AM26/AN26^2)+AO26*10^3/AU$2)/AO$2,2*AO26*1000*(AU26*1000-0.5*AM26+0.2*AN26)/(AU$2*fy*(AN26-BD$2)))),MAX((AO26*1000/(0.8*AU$2)-0.85*fc*AL26*AM26)/(fy-0.85*fc),0.01*AL26*AM26)) -> 1000 | AX26: =AW26/4 -> 250 | AY26: =AW26/(AL26*AM26) -> 0.01 | AZ26: =EVEN(AW26/(PI()*BB26^2/4)) -> 8 | BA26: φ | BB26: 14 | BC26: 35.26 | BD26: =MIN(fc^0.5*AL26*AN26/(6*1000),fc^0.5*(AL26-60)*AM26/(6*1000)) -> 61.734197 | BE26: =(BC26-BF$2*BD26)/BF$2 -> -14.720864 | BF26: =FLOOR(MIN(AL26/2,MIN((3*AZ$2*BI$2/AM26),(16*AZ$2*BI$2/(fc^0.5*AM26))),(8*BB26),(24*AX$2),300),10) -> 100 | BG26: =MAX(MAX(AL26,AM26),(F26/6),450) -> 500 | BH26: =IF(BC26<0.5*BD26*BF$2,"No Need Shear Reinf.",IF(BC26<=BD26*BF$2,BF26,IF(BE26>4*BD26,"Increase b & d",FLOOR(AZ$2*BI$2*AN26/(BE26*1000),50)))) -> 100 | BI26: =IF(BH26="No Need Shear Reinf.","Use Φ"&AX$2&"@"&MIN(BF26,BH26)&"mm",IF(BH26="Increase b & d","Increase b & d","Use Φ"&AX$2&"@"&MIN(BF26,BH26)&"mm")) -> Use Φ10@100mm | BJ26: =AL26 -> 200 | BK26: =AM26 -> 500 | BL26: =0.85*(600*AN26)/(600+fy) -> 220 | BM26: =0.85*(600*(BJ26-60))/(600+fy) -> 70 | BN26: =600*(BL26/0.85-60)*0.85/BL26 -> 460.90909 | BO26: =600*(BM26/0.85-60)*0.85/BM26 -> 162.85714 | BP26: =IF(BN26>fy,(0.85*fc*BL26*BJ26+CG26*(fy-0.85*fc)-CG26*fy),(0.85*fc*BL26*BJ26+CG26*(BN26-0.85*fc)-CG26*fy))/1000 -> 1039.8696 | BQ26: =IF(BO26>fy,(0.85*fc*BM26*BK26+CG26*(fy-0.85*fc)-CG26*fy),(0.85*fc*BM26*BK26+CG26*(BO26-0.85*fc)-CG26*fy))/1000 -> 746.4696 | BR26: =IF(BN26>fy,(0.85*fc*BL26*BJ26*(BK26/2-BL26/2)+CG26*(fy-0.85*fc)*(BK26/2-60)+CG26*fy*(BK26/2-60)),(0.85*fc*BL26*BJ26*(AN26-BL26/2-60)+CG26*(BN26-0.85*fc)*(BK26/2-60)+CG26*fy*(BK26/2-60)))/1000000 -> 194.37202 | BS26: =IF(BO26>fy,(0.85*fc*BM26*BK26*((BJ26-60)-BM26/2-60)+CG26*(fy-0.85*AM$2)*(BJ26/2-60)-CG26*fy*(BJ26/2-60)),(0.85*fc*BM26*BK26*((BJ26-60)-BM26/2-60)+CG26*(BO26-0.85*fc)*(BJ26/2-60)-CG26*fy*(BJ26/2-60)))/1000000 -> 34.023784 | BT26: =BR26/BP26 -> 0.18691961 | BU26: =BS26/BQ26 -> 0.045579598 | BV26: =AP26/AO26 -> 0.075820427 | BW26: =AQ26/AO26 -> 0.017121258 | BX26: =IF(BT26>BV26,"Compression Controls","Tension Controls") -> Compression Controls | BY26: =IF(BU26>BW26,"Compression Controls","Tension Controls") -> Compression Controls | BZ26: =IF(BX26="Compression Controls",CO26,DG26) -> 1858.3426 | CA26: =IF(BY26="Compression Controls",CX26,DP26) -> 2144.3838 | CB26: =(0.85*fc*BJ26*BK26+CG26*4*(fy-0.85*fc))/1000 -> 2868.1184 | CC26: =IF(MAX(AP26*1000/AO26,AQ26*1000/AO26)>0.1*AM26,AU$2/(1/BZ26+1/CA26-1/CB26),AU$2*0.8*CB26) -> 991.1744 | CD26: =IF(CC26>=AO26,"Safe ","Unsafe") -> Safe | CG26: =(AZ26*0.25*22/7*BB26^2)/4 -> 308 | CH26: =BK26-60 -> 440 | CI26: =BV26*1000+BK26/2-60 -> 265.82043 | CJ26: =0.85*fc*BJ26/(2*CI26) -> 8.9534127 | CK26: =0.85*fc*BJ26*(1-CH26/CI26) -> -3119.0032 | CL26: =(600*CG26+CG26*(fy-0.85*fc)*(1-(CH26-60)/CI26)) -> 132383.83 | CM26: =-510*CH26*CG26 -> -69115200 | CN26: =(((CK26*CL26/(6*CJ26^2)-(CK26/(3*CJ26))^3-CM26/(2*CJ26))^2+(-(CK26^2/(9*CJ26^2))+CL26/(3*CJ26))^3)^0.5+CK26*CL26/(6*CJ26^2)-CK26^3/(27*CJ26^3)-CM26/(2*CJ26))^(1/3)+(-(((CK26*CL26/(6*CJ26^2)-(CK26/(3*CJ26))^3-CM26/(2*CJ26))^2+(-(CK26^2/(9*CJ26^2))+CL26/(3*CJ26))^3)^0.5)+CK26*CL26/(6*CJ26^2)-CK26^3/(27*CJ26^3)-CM26/(2*CJ26))^(1/3)-CK26/(3*CJ26) -> 365.6574 | CO26: =((0.85*fc*CN26*BJ26)+(CG26*(fy-0.85*fc))-(CG26*600*((0.85*CH26)-CN26)/CN26))/1000 -> 1858.3426 | CQ26: =BJ26-60 -> 140 | CR26: =BW26*1000+BJ26/2-60 -> 57.121258 | CS26: =0.85*fc*BK26/(2*CR26) -> 104.16437 | CT26: =0.85*fc*BK26*(1-CQ26/CR26) -> -17266.024 | CU26: =(600*CG26+CG26*(fy-0.85*fc)*(1-(CQ26-60)/CR26)) -> 135923.56 | CV26: =-510*CQ26*CG26 -> -21991200 | CW26: =(((CT26*CU26/(6*CS26^2)-(CT26/(3*CS26))^3-CV26/(2*CS26))^2+(-(CT26^2/(9*CS26^2))+CU26/(3*CS26))^3)^0.5+CT26*CU26/(6*CS26^2)-CT26^3/(27*CS26^3)-CV26/(2*CS26))^(1/3)+(-(((CT26*CU26/(6*CS26^2)-(CT26/(3*CS26))^3-CV26/(2*CS26))^2+(-(CT26^2/(9*CS26^2))+CU26/(3*CS26))^3)^0.5)+CT26*CU26/(6*CS26^2)-CT26^3/(27*CS26^3)-CV26/(2*CS26))^(1/3)-CT26/(3*CS26) -> 165.57727 | CX26: =((0.85*fc*CW26*BK26)+(CG26*(fy-0.85*fc))-(CG26*600*((0.85*CQ26)-CW26)/CW26))/1000 -> 2144.3838 | CZ26: =0.425*fc*BJ26 -> 2380 | DA26: =2*CZ26*(CI26-CH26) -> -829094.77 | DB26: =CG26*(fy-0.85*fc)*(CI26-CH26+60)-CG26*fy*CI26 -> -48319818 | DC26: =(-DA26+(DA26^2-4*CZ26*DB26)^0.5)/(2*CZ26) -> 399.21506 | DD26: =600*(DC26/0.85-60)*0.85/DC26 -> 523.34958 | DE26: =IF(DD26>fy,DB26,CG26*(DD26-0.85*fc)*(CI26-CH26+60)-CG26*fy*CI26) -> -48319818 | DF26: =(-DA26+(DA26^2-4*CZ26*DE26)^0.5)/(2*CZ26) -> 399.21506 | DG26: =IF(DD26>fy,(0.85*fc*DF26*BJ26+CG26*(fy-0.85*fc)-CG26*fy),(0.85*fc*DF26*BJ26+CG26*(DD26-0.85*fc)-CG26*fy))/1000 -> 1892.9333 | DI26: =0.425*fc*BK26 -> 5950 | DJ26: =2*DI26*(CR26-CQ26) -> -986257.03 | DK26: =CG26*(fy-0.85*fc)*(CR26-CQ26+60)-CG26*fy*CR26 -> -10181090 | DL26: =(-DJ26+(DJ26^2-4*DI26*DK26)^0.5)/(2*DI26) -> 175.507 | DM26: =600*(DL26/0.85-60)*0.85/DC26 -> 187.12771 | DN26: =IF(DM26>fy,DK26,CG26*(DM26-0.85*fc)*(CR26-CQ26+60)-CG26*fy*CR26) -> -8540119.5 | DO26: =(-DJ26+(DJ26^2-4*DI26*DN26)^0.5)/(2*DI26) -> 174.00613 | DP26: =IF(DM26>fy,(0.85*fc*DO26*BK26+CG26*(fy-0.85*fc)-CG26*fy),(0.85*fc*DO26*BK26+CG26*(DM26-0.85*fc)-CG26*fy))/1000 -> 1991.6178 | DT26: =B26 -> C236 | DU26: =AZ26 -> 8 | DV26: =BA26 -> φ | DW26: =BB26 -> 14
A27: Story1 | B27: C220 | C27: 33 | D27: 300 | E27: 500 | F27: 2900 | G27: 597.17 | H27: 16.19 | I27: 6.15 | J27: 0.45 | K27: 0.16 | L27: =(0.9*F27)/(0.3*E27) -> 17.4 | M27: =IF(P27>Q27,(34-12*I27/H27),(34-12*H27/I27)) -> 29.441631 | N27: =IF(L27<=M27,"sho.col","long.col") -> sho.col | P27: =ABS(H27) -> 16.19 | Q27: =ABS(I27) -> 6.15 | R27: =ABS(J27) -> 0.45 | S27: =ABS(K27) -> 0.16 | W27: L | X27: 5200 | Y27: 0 | Z27: 0 | AA27: 0 | AB27: 0 | AC27: 0 | AJ27: =B27 -> C220 | AL27: 300 | AM27: 500 | AN27: =AM27-60 -> 440 | AO27: =G27 -> 597.17 | AP27: =P27 -> 16.19 | AQ27: =R27 -> 0.45 | AR27: =AP27+(AQ27*AM27/AL27*((1-AS$2)/AS$2)) -> 16.593846 | AS27: =AQ27+(AP27*AL27/AM27*((1-AS$2)/AS$2)) -> 5.6806154 | AT27: =MAX(AR27:AS27) -> 16.593846 | AU27: =AT27/AO27 -> 0.027787475 | AV27: =IF(AU27<=1,"Compression","Tention") -> Compression | AW27: =IF(MAX(AP27*1000/AO27,AQ27*1000/AO27)>0.1*AM27,IF(IF(AV27="Compression",2*(0.5+AU27*10^3/(AN27-BD$2))*(-AL27*AM$2*AM27/(1.18+3*AU27*10^3*AM27/AN27^2)+AO27*10^3/AU$2)/AO$2,2*AO27*1000*(AU27*1000-0.5*AM27+0.2*AN27)/(AU$2*fy*(AN27-BD$2)))<0.01*AL27*AM27,(0.01*AL27*AM27),IF(AV27="Compression",2*(0.5+AU27*10^3/(AN27-60))*(-AL27*AM$2*AM27/(1.18+3*AU27*10^3*AM27/AN27^2)+AO27*10^3/AU$2)/AO$2,2*AO27*1000*(AU27*1000-0.5*AM27+0.2*AN27)/(AU$2*fy*(AN27-BD$2)))),MAX((AO27*1000/(0.8*AU$2)-0.85*fc*AL27*AM27)/(fy-0.85*fc),0.01*AL27*AM27)) -> 1500 | AX27: =AW27/4 -> 375 | AY27: =AW27/(AL27*AM27) -> 0.01 | AZ27: =EVEN(AW27/(PI()*BB27^2/4)) -> 10 | BA27: φ | BB27: 14 | BC27: 3.04 | BD27: =MIN(fc^0.5*AL27*AN27/(6*1000),fc^0.5*(AL27-60)*AM27/(6*1000)) -> 105.83005 | BE27: =(BC27-BF$2*BD27)/BF$2 -> -101.77672 | BF27: =FLOOR(MIN(AL27/2,MIN((3*AZ$2*BI$2/AM27),(16*AZ$2*BI$2/(fc^0.5*AM27))),(8*BB27),(24*AX$2),300),10) -> 110 | BG27: =MAX(MAX(AL27,AM27),(F27/6),450) -> 500 | BH27: =IF(BC27<0.5*BD27*BF$2,"No Need Shear Reinf.",IF(BC27<=BD27*BF$2,BF27,IF(BE27>4*BD27,"Increase b & d",FLOOR(AZ$2*BI$2*AN27/(BE27*1000),50)))) -> No Need Shear Reinf. | BI27: =IF(BH27="No Need Shear Reinf.","Use Φ"&AX$2&"@"&MIN(BF27,BH27)&"mm",IF(BH27="Increase b & d","Increase b & d","Use Φ"&AX$2&"@"&MIN(BF27,BH27)&"mm")) -> Use Φ10@110mm | BJ27: =AL27 -> 300 | BK27: =AM27 -> 500 | BL27: =0.85*(600*AN27)/(600+fy) -> 220 | BM27: =0.85*(600*(BJ27-60))/(600+fy) -> 120 | BN27: =600*(BL27/0.85-60)*0.85/BL27 -> 460.90909 | BO27: =600*(BM27/0.85-60)*0.85/BM27 -> 345 | BP27: =IF(BN27>fy,(0.85*fc*BL27*BJ27+CG27*(fy-0.85*fc)-CG27*fy),(0.85*fc*BL27*BJ27+CG27*(BN27-0.85*fc)-CG27*fy))/1000 -> 1561.637 | BQ27: =IF(BO27>fy,(0.85*fc*BM27*BK27+CG27*(fy-0.85*fc)-CG27*fy),(0.85*fc*BM27*BK27+CG27*(BO27-0.85*fc)-CG27*fy))/1000 -> 1389.962 | BR27: =IF(BN27>fy,(0.85*fc*BL27*BJ27*(BK27/2-BL27/2)+CG27*(fy-0.85*fc)*(BK27/2-60)+CG27*fy*(BK27/2-60)),(0.85*fc*BL27*BJ27*(AN27-BL27/2-60)+CG27*(BN27-0.85*fc)*(BK27/2-60)+CG27*fy*(BK27/2-60)))/1000000 -> 279.61703 | BS27: =IF(BO27>fy,(0.85*fc*BM27*BK27*((BJ27-60)-BM27/2-60)+CG27*(fy-0.85*AM$2)*(BJ27/2-60)-CG27*fy*(BJ27/2-60)),(0.85*fc*BM27*BK27*((BJ27-60)-BM27/2-60)+CG27*(BO27-0.85*fc)*(BJ27/2-60)-CG27*fy*(BJ27/2-60)))/1000000 -> 167.93658 | BT27: =BR27/BP27 -> 0.17905379 | BU27: =BS27/BQ27 -> 0.12082099 | BV27: =AP27/AO27 -> 0.027111208 | BW27: =AQ27/AO27 -> 0.00075355426 | BX27: =IF(BT27>BV27,"Compression Controls","Tension Controls") -> Compression Controls | BY27: =IF(BU27>BW27,"Compression Controls","Tension Controls") -> Compression Controls | BZ27: =IF(BX27="Compression Controls",CO27,DG27) -> 3446.4106 | CA27: =IF(BY27="Compression Controls",CX27,DP27) -> 3824.6807 | CB27: =(0.85*fc*BJ27*BK27+CG27*4*(fy-0.85*fc))/1000 -> 4180.148 | CC27: =IF(MAX(AP27*1000/AO27,AQ27*1000/AO27)>0.1*AM27,AU$2/(1/BZ27+1/CA27-1/CB27),AU$2*0.8*CB27) -> 2173.677 | CD27: =IF(CC27>=AO27,"Safe ","Unsafe") -> Safe | CG27: =(AZ27*0.25*22/7*BB27^2)/4 -> 385 | CH27: =BK27-60 -> 440 | CI27: =BV27*1000+BK27/2-60 -> 217.11121 | CJ27: =0.85*fc*BJ27/(2*CI27) -> 16.443186 | CK27: =0.85*fc*BJ27*(1-CH27/CI27) -> -7330.0038 | CL27: =(600*CG27+CG27*(fy-0.85*fc)*(1-(CH27-60)/CI27)) -> 116558.34 | CM27: =-510*CH27*CG27 -> -86394000 | CN27: =(((CK27*CL27/(6*CJ27^2)-(CK27/(3*CJ27))^3-CM27/(2*CJ27))^2+(-(CK27^2/(9*CJ27^2))+CL27/(3*CJ27))^3)^0.5+CK27*CL27/(6*CJ27^2)-CK27^3/(27*CJ27^3)-CM27/(2*CJ27))^(1/3)+(-(((CK27*CL27/(6*CJ27^2)-(CK27/(3*CJ27))^3-CM27/(2*CJ27))^2+(-(CK27^2/(9*CJ27^2))+CL27/(3*CJ27))^3)^0.5)+CK27*CL27/(6*CJ27^2)-CK27^3/(27*CJ27^3)-CM27/(2*CJ27))^(1/3)-CK27/(3*CJ27) -> 455.53601 | CO27: =((0.85*fc*CN27*BJ27)+(CG27*(fy-0.85*fc))-(CG27*600*((0.85*CH27)-CN27)/CN27))/1000 -> 3446.4106 | CQ27: =BJ27-60 -> 240 | CR27: =BW27*1000+BJ27/2-60 -> 90.753554 | CS27: =0.85*fc*BK27/(2*CR27) -> 65.562171 | CT27: =0.85*fc*BK27*(1-CQ27/CR27) -> -19569.842 | CU27: =(600*CG27+CG27*(fy-0.85*fc)*(1-(CQ27-60)/CR27)) -> 80996.122 | CV27: =-510*CQ27*CG27 -> -47124000 | CW27: =(((CT27*CU27/(6*CS27^2)-(CT27/(3*CS27))^3-CV27/(2*CS27))^2+(-(CT27^2/(9*CS27^2))+CU27/(3*CS27))^3)^0.5+CT27*CU27/(6*CS27^2)-CT27^3/(27*CS27^3)-CV27/(2*CS27))^(1/3)+(-(((CT27*CU27/(6*CS27^2)-(CT27/(3*CS27))^3-CV27/(2*CS27))^2+(-(CT27^2/(9*CS27^2))+CU27/(3*CS27))^3)^0.5)+CT27*CU27/(6*CS27^2)-CT27^3/(27*CS27^3)-CV27/(2*CS27))^(1/3)-CT27/(3*CS27) -> 302.2725 | CX27: =((0.85*fc*CW27*BK27)+(CG27*(fy-0.85*fc))-(CG27*600*((0.85*CQ27)-CW27)/CW27))/1000 -> 3824.6807 | CZ27: =0.425*fc*BJ27 -> 3570 | DA27: =2*CZ27*(CI27-CH27) -> -1591426 | DB27: =CG27*(fy-0.85*fc)*(CI27-CH27+60)-CG27*fy*CI27 -> -59953450 | DC27: =(-DA27+(DA27^2-4*CZ27*DB27)^0.5)/(2*CZ27) -> 480.71256 | DD27: =600*(DC27/0.85-60)*0.85/DC27 -> 536.3445 | DE27: =IF(DD27>fy,DB27,CG27*(DD27-0.85*fc)*(CI27-CH27+60)-CG27*fy*CI27) -> -59953450 | DF27: =(-DA27+(DA27^2-4*CZ27*DE27)^0.5)/(2*CZ27) -> 480.71256 | DG27: =IF(DD27>fy,(0.85*fc*DF27*BJ27+CG27*(fy-0.85*fc)-CG27*fy),(0.85*fc*DF27*BJ27+CG27*(DD27-0.85*fc)-CG27*fy))/1000 -> 3423.1247 | DI27: =0.425*fc*BK27 -> 5950 | DJ27: =2*DI27*(CR27-CQ27) -> -1776032.7 | DK27: =CG27*(fy-0.85*fc)*(CR27-CQ27+60)-CG27*fy*CR27 -> -28288235 | DL27: =(-DJ27+(DJ27^2-4*DI27*DK27)^0.5)/(2*DI27) -> 313.65091 | DM27: =600*(DL27/0.85-60)*0.85/DC27 -> 327.82697 | DN27: =IF(DM27>fy,DK27,CG27*(DM27-0.85*fc)*(CR27-CQ27+60)-CG27*fy*CR27) -> -25121180 | DO27: =(-DJ27+(DJ27^2-4*DI27*DN27)^0.5)/(2*DI27) -> 312.02405 | DP27: =IF(DM27>fy,(0.85*fc*DO27*BK27+CG27*(fy-0.85*fc)-CG27*fy),(0.85*fc*DO27*BK27+CG27*(DM27-0.85*fc)-CG27*fy))/1000 -> 3668.4366 | DT27: =B27 -> C220 | DU27: =AZ27 -> 10 | DV27: =BA27 -> φ | DW27: =BB27 -> 14
A28: Story1 | B28: C221 | C28: 19 | D28: 300 | E28: 500 | F28: 2900 | G28: 668.73 | H28: 15.31 | I28: 0.11 | J28: 0.44 | K28: 0.18 | L28: =(0.9*F28)/(0.3*E28) -> 17.4 | M28: =IF(P28>Q28,(34-12*I28/H28),(34-12*H28/I28)) -> 33.913782 | N28: =IF(L28<=M28,"sho.col","long.col") -> sho.col | P28: =ABS(H28) -> 15.31 | Q28: =ABS(I28) -> 0.11 | R28: =ABS(J28) -> 0.44 | S28: =ABS(K28) -> 0.18 | U28: C4 | W28: H | X28: 0 | Y28: 600 | AE28: =MIN(MIN(1,(0.7+0.05*(AD28+AD32))),MIN(1,(0.85+0.05*MIN(AD28,AD32)))) -> 0.7 | AJ28: =B28 -> C221 | AL28: 300 | AM28: 500 | AN28: =AM28-60 -> 440 | AO28: =G28 -> 668.73 | AP28: =P28 -> 15.31 | AQ28: =R28 -> 0.44 | AR28: =AP28+(AQ28*AM28/AL28*((1-AS$2)/AS$2)) -> 15.704872 | AS28: =AQ28+(AP28*AL28/AM28*((1-AS$2)/AS$2)) -> 5.3863077 | AT28: =MAX(AR28:AS28) -> 15.704872 | AU28: =AT28/AO28 -> 0.023484623 | AV28: =IF(AU28<=1,"Compression","Tention") -> Compression | AW28: =IF(MAX(AP28*1000/AO28,AQ28*1000/AO28)>0.1*AM28,IF(IF(AV28="Compression",2*(0.5+AU28*10^3/(AN28-BD$2))*(-AL28*AM$2*AM28/(1.18+3*AU28*10^3*AM28/AN28^2)+AO28*10^3/AU$2)/AO$2,2*AO28*1000*(AU28*1000-0.5*AM28+0.2*AN28)/(AU$2*fy*(AN28-BD$2)))<0.01*AL28*AM28,(0.01*AL28*AM28),IF(AV28="Compression",2*(0.5+AU28*10^3/(AN28-60))*(-AL28*AM$2*AM28/(1.18+3*AU28*10^3*AM28/AN28^2)+AO28*10^3/AU$2)/AO$2,2*AO28*1000*(AU28*1000-0.5*AM28+0.2*AN28)/(AU$2*fy*(AN28-BD$2)))),MAX((AO28*1000/(0.8*AU$2)-0.85*fc*AL28*AM28)/(fy-0.85*fc),0.01*AL28*AM28)) -> 1500 | AX28: =AW28/4 -> 375 | AY28: =AW28/(AL28*AM28) -> 0.01 | AZ28: =EVEN(AW28/(PI()*BB28^2/4)) -> 10 | BA28: φ | BB28: 14 | BC28: 4.61 | BD28: =MIN(fc^0.5*AL28*AN28/(6*1000),fc^0.5*(AL28-60)*AM28/(6*1000)) -> 105.83005 | BE28: =(BC28-BF$2*BD28)/BF$2 -> -99.683386 | BF28: =FLOOR(MIN(AL28/2,MIN((3*AZ$2*BI$2/AM28),(16*AZ$2*BI$2/(fc^0.5*AM28))),(8*BB28),(24*AX$2),300),10) -> 110 | BG28: =MAX(MAX(AL28,AM28),(F28/6),450) -> 500 | BH28: =IF(BC28<0.5*BD28*BF$2,"No Need Shear Reinf.",IF(BC28<=BD28*BF$2,BF28,IF(BE28>4*BD28,"Increase b & d",FLOOR(AZ$2*BI$2*AN28/(BE28*1000),50)))) -> No Need Shear Reinf. | BI28: =IF(BH28="No Need Shear Reinf.","Use Φ"&AX$2&"@"&MIN(BF28,BH28)&"mm",IF(BH28="Increase b & d","Increase b & d","Use Φ"&AX$2&"@"&MIN(BF28,BH28)&"mm")) -> Use Φ10@110mm | BJ28: =AL28 -> 300 | BK28: =AM28 -> 500 | BL28: =0.85*(600*AN28)/(600+fy) -> 220 | BM28: =0.85*(600*(BJ28-60))/(600+fy) -> 120 | BN28: =600*(BL28/0.85-60)*0.85/BL28 -> 460.90909 | BO28: =600*(BM28/0.85-60)*0.85/BM28 -> 345 | BP28: =IF(BN28>fy,(0.85*fc*BL28*BJ28+CG28*(fy-0.85*fc)-CG28*fy),(0.85*fc*BL28*BJ28+CG28*(BN28-0.85*fc)-CG28*fy))/1000 -> 1561.637 | BQ28: =IF(BO28>fy,(0.85*fc*BM28*BK28+CG28*(fy-0.85*fc)-CG28*fy),(0.85*fc*BM28*BK28+CG28*(BO28-0.85*fc)-CG28*fy))/1000 -> 1389.962 | BR28: =IF(BN28>fy,(0.85*fc*BL28*BJ28*(BK28/2-BL28/2)+CG28*(fy-0.85*fc)*(BK28/2-60)+CG28*fy*(BK28/2-60)),(0.85*fc*BL28*BJ28*(AN28-BL28/2-60)+CG28*(BN28-0.85*fc)*(BK28/2-60)+CG28*fy*(BK28/2-60)))/1000000 -> 279.61703 | BS28: =IF(BO28>fy,(0.85*fc*BM28*BK28*((BJ28-60)-BM28/2-60)+CG28*(fy-0.85*AM$2)*(BJ28/2-60)-CG28*fy*(BJ28/2-60)),(0.85*fc*BM28*BK28*((BJ28-60)-BM28/2-60)+CG28*(BO28-0.85*fc)*(BJ28/2-60)-CG28*fy*(BJ28/2-60)))/1000000 -> 167.93658 | BT28: =BR28/BP28 -> 0.17905379 | BU28: =BS28/BQ28 -> 0.12082099 | BV28: =AP28/AO28 -> 0.022894143 | BW28: =AQ28/AO28 -> 0.0006579636 | BX28: =IF(BT28>BV28,"Compression Controls","Tension Controls") -> Compression Controls | BY28: =IF(BU28>BW28,"Compression Controls","Tension Controls") -> Compression Controls | BZ28: =IF(BX28="Compression Controls",CO28,DG28) -> 3509.1856 | CA28: =IF(BY28="Compression Controls",CX28,DP28) -> 3827.1109 | CB28: =(0.85*fc*BJ28*BK28+CG28*4*(fy-0.85*fc))/1000 -> 4180.148 | CC28: =IF(MAX(AP28*1000/AO28,AQ28*1000/AO28)>0.1*AM28,AU$2/(1/BZ28+1/CA28-1/CB28),AU$2*0.8*CB28) -> 2173.677 | CD28: =IF(CC28>=AO28,"Safe ","Unsafe") -> Safe | CG28: =(AZ28*0.25*22/7*BB28^2)/4 -> 385 | CH28: =BK28-60 -> 440 | CI28: =BV28*1000+BK28/2-60 -> 212.89414 | CJ28: =0.85*fc*BJ28/(2*CI28) -> 16.768897 | CK28: =0.85*fc*BJ28*(1-CH28/CI28) -> -7616.6296 | CL28: =(600*CG28+CG28*(fy-0.85*fc)*(1-(CH28-60)/CI28)) -> 111269.95 | CM28: =-510*CH28*CG28 -> -86394000 | CN28: =(((CK28*CL28/(6*CJ28^2)-(CK28/(3*CJ28))^3-CM28/(2*CJ28))^2+(-(CK28^2/(9*CJ28^2))+CL28/(3*CJ28))^3)^0.5+CK28*CL28/(6*CJ28^2)-CK28^3/(27*CJ28^3)-CM28/(2*CJ28))^(1/3)+(-(((CK28*CL28/(6*CJ28^2)-(CK28/(3*CJ28))^3-CM28/(2*CJ28))^2+(-(CK28^2/(9*CJ28^2))+CL28/(3*CJ28))^3)^0.5)+CK28*CL28/(6*CJ28^2)-CK28^3/(27*CJ28^3)-CM28/(2*CJ28))^(1/3)-CK28/(3*CJ28) -> 463.85182 | CO28: =((0.85*fc*CN28*BJ28)+(CG28*(fy-0.85*fc))-(CG28*600*((0.85*CH28)-CN28)/CN28))/1000 -> 3509.1856 | CQ28: =BJ28-60 -> 240 | CR28: =BW28*1000+BJ28/2-60 -> 90.657964 | CS28: =0.85*fc*BK28/(2*CR28) -> 65.6313 | CT28: =0.85*fc*BK28*(1-CQ28/CR28) -> -19603.024 | CU28: =(600*CG28+CG28*(fy-0.85*fc)*(1-(CQ28-60)/CR28)) -> 80677.12 | CV28: =-510*CQ28*CG28 -> -47124000 | CW28: =(((CT28*CU28/(6*CS28^2)-(CT28/(3*CS28))^3-CV28/(2*CS28))^2+(-(CT28^2/(9*CS28^2))+CU28/(3*CS28))^3)^0.5+CT28*CU28/(6*CS28^2)-CT28^3/(27*CS28^3)-CV28/(2*CS28))^(1/3)+(-(((CT28*CU28/(6*CS28^2)-(CT28/(3*CS28))^3-CV28/(2*CS28))^2+(-(CT28^2/(9*CS28^2))+CU28/(3*CS28))^3)^0.5)+CT28*CU28/(6*CS28^2)-CT28^3/(27*CS28^3)-CV28/(2*CS28))^(1/3)-CT28/(3*CS28) -> 302.46824 | CX28: =((0.85*fc*CW28*BK28)+(CG28*(fy-0.85*fc))-(CG28*600*((0.85*CQ28)-CW28)/CW28))/1000 -> 3827.1109 | CZ28: =0.425*fc*BJ28 -> 3570 | DA28: =2*CZ28*(CI28-CH28) -> -1621535.8 | DB28: =CG28*(fy-0.85*fc)*(CI28-CH28+60)-CG28*fy*CI28 -> -59914809 | DC28: =(-DA28+(DA28^2-4*CZ28*DB28)^0.5)/(2*CZ28) -> 488.56318 | DD28: =600*(DC28/0.85-60)*0.85/DC28 -> 537.36736 | DE28: =IF(DD28>fy,DB28,CG28*(DD28-0.85*fc)*(CI28-CH28+60)-CG28*fy*CI28) -> -59914809 | DF28: =(-DA28+(DA28^2-4*CZ28*DE28)^0.5)/(2*CZ28) -> 488.56318 | DG28: =IF(DD28>fy,(0.85*fc*DF28*BJ28+CG28*(fy-0.85*fc)-CG28*fy),(0.85*fc*DF28*BJ28+CG28*(DD28-0.85*fc)-CG28*fy))/1000 -> 3479.1781 | DI28: =0.425*fc*BK28 -> 5950 | DJ28: =2*DI28*(CR28-CQ28) -> -1777170.2 | DK28: =CG28*(fy-0.85*fc)*(CR28-CQ28+60)-CG28*fy*CR28 -> -28287359 | DL28: =(-DJ28+(DJ28^2-4*DI28*DK28)^0.5)/(2*DI28) -> 313.83283 | DM28: =600*(DL28/0.85-60)*0.85/DC28 -> 322.78261 | DN28: =IF(DM28>fy,DK28,CG28*(DM28-0.85*fc)*(CR28-CQ28+60)-CG28*fy*CR28) -> -24943403 | DO28: =(-DJ28+(DJ28^2-4*DI28*DN28)^0.5)/(2*DI28) -> 312.11554 | DP28: =IF(DM28>fy,(0.85*fc*DO28*BK28+CG28*(fy-0.85*fc)-CG28*fy),(0.85*fc*DO28*BK28+CG28*(DM28-0.85*fc)-CG28*fy))/1000 -> 3667.5832 | DT28: =B28 -> C221 | DU28: =AZ28 -> 10 | DV28: =BA28 -> φ | DW28: =BB28 -> 14
A29: Story1 | B29: C225 | C29: 10 | D29: 300 | E29: 500 | F29: 2900 | G29: 424.33 | H29: 26.5 | I29: -13.32 | J29: 5.41 | K29: -20.12 | L29: =(0.9*F29)/(0.3*E29) -> 17.4 | M29: =IF(P29>Q29,(34-12*I29/H29),(34-12*H29/I29)) -> 40.031698 | N29: =IF(L29<=M29,"sho.col","long.col") -> sho.col | P29: =ABS(H29) -> 26.5 | Q29: =ABS(I29) -> 13.32 | R29: =ABS(J29) -> 5.41 | S29: =ABS(K29) -> 20.12 | W29: L | X29: 0 | Y29: 5200 | Z29: =D8 -> 200 | AA29: =E8 -> 500 | AB29: =F8 -> 1600 | AC29: =(Z29*AA29^3/12)/AB29 -> 1302083.3 | AJ29: =B29 -> C225 | AL29: 300 | AM29: 500 | AN29: =AM29-60 -> 440 | AO29: =G29 -> 424.33 | AP29: =P29 -> 26.5 | AQ29: =R29 -> 5.41 | AR29: =AP29+(AQ29*AM29/AL29*((1-AS$2)/AS$2)) -> 31.355128 | AS29: =AQ29+(AP29*AL29/AM29*((1-AS$2)/AS$2)) -> 13.971538 | AT29: =MAX(AR29:AS29) -> 31.355128 | AU29: =AT29/AO29 -> 0.073893263 | AV29: =IF(AU29<=1,"Compression","Tention") -> Compression | AW29: =IF(MAX(AP29*1000/AO29,AQ29*1000/AO29)>0.1*AM29,IF(IF(AV29="Compression",2*(0.5+AU29*10^3/(AN29-BD$2))*(-AL29*AM$2*AM29/(1.18+3*AU29*10^3*AM29/AN29^2)+AO29*10^3/AU$2)/AO$2,2*AO29*1000*(AU29*1000-0.5*AM29+0.2*AN29)/(AU$2*fy*(AN29-BD$2)))<0.01*AL29*AM29,(0.01*AL29*AM29),IF(AV29="Compression",2*(0.5+AU29*10^3/(AN29-60))*(-AL29*AM$2*AM29/(1.18+3*AU29*10^3*AM29/AN29^2)+AO29*10^3/AU$2)/AO$2,2*AO29*1000*(AU29*1000-0.5*AM29+0.2*AN29)/(AU$2*fy*(AN29-BD$2)))),MAX((AO29*1000/(0.8*AU$2)-0.85*fc*AL29*AM29)/(fy-0.85*fc),0.01*AL29*AM29)) -> 1500 | AX29: =AW29/4 -> 375 | AY29: =AW29/(AL29*AM29) -> 0.01 | AZ29: =EVEN(AW29/(PI()*BB29^2/4)) -> 10 | BA29: φ | BB29: 14 | BC29: 12.07 | BD29: =MIN(fc^0.5*AL29*AN29/(6*1000),fc^0.5*(AL29-60)*AM29/(6*1000)) -> 105.83005 | BE29: =(BC29-BF$2*BD29)/BF$2 -> -89.736719 | BF29: =FLOOR(MIN(AL29/2,MIN((3*AZ$2*BI$2/AM29),(16*AZ$2*BI$2/(fc^0.5*AM29))),(8*BB29),(24*AX$2),300),10) -> 110 | BG29: =MAX(MAX(AL29,AM29),(F29/6),450) -> 500 | BH29: =IF(BC29<0.5*BD29*BF$2,"No Need Shear Reinf.",IF(BC29<=BD29*BF$2,BF29,IF(BE29>4*BD29,"Increase b & d",FLOOR(AZ$2*BI$2*AN29/(BE29*1000),50)))) -> No Need Shear Reinf. | BI29: =IF(BH29="No Need Shear Reinf.","Use Φ"&AX$2&"@"&MIN(BF29,BH29)&"mm",IF(BH29="Increase b & d","Increase b & d","Use Φ"&AX$2&"@"&MIN(BF29,BH29)&"mm")) -> Use Φ10@110mm | BJ29: =AL29 -> 300 | BK29: =AM29 -> 500 | BL29: =0.85*(600*AN29)/(600+fy) -> 220 | BM29: =0.85*(600*(BJ29-60))/(600+fy) -> 120 | BN29: =600*(BL29/0.85-60)*0.85/BL29 -> 460.90909 | BO29: =600*(BM29/0.85-60)*0.85/BM29 -> 345 | BP29: =IF(BN29>fy,(0.85*fc*BL29*BJ29+CG29*(fy-0.85*fc)-CG29*fy),(0.85*fc*BL29*BJ29+CG29*(BN29-0.85*fc)-CG29*fy))/1000 -> 1561.637 | BQ29: =IF(BO29>fy,(0.85*fc*BM29*BK29+CG29*(fy-0.85*fc)-CG29*fy),(0.85*fc*BM29*BK29+CG29*(BO29-0.85*fc)-CG29*fy))/1000 -> 1389.962 | BR29: =IF(BN29>fy,(0.85*fc*BL29*BJ29*(BK29/2-BL29/2)+CG29*(fy-0.85*fc)*(BK29/2-60)+CG29*fy*(BK29/2-60)),(0.85*fc*BL29*BJ29*(AN29-BL29/2-60)+CG29*(BN29-0.85*fc)*(BK29/2-60)+CG29*fy*(BK29/2-60)))/1000000 -> 279.61703 | BS29: =IF(BO29>fy,(0.85*fc*BM29*BK29*((BJ29-60)-BM29/2-60)+CG29*(fy-0.85*AM$2)*(BJ29/2-60)-CG29*fy*(BJ29/2-60)),(0.85*fc*BM29*BK29*((BJ29-60)-BM29/2-60)+CG29*(BO29-0.85*fc)*(BJ29/2-60)-CG29*fy*(BJ29/2-60)))/1000000 -> 167.93658 | BT29: =BR29/BP29 -> 0.17905379 | BU29: =BS29/BQ29 -> 0.12082099 | BV29: =AP29/AO29 -> 0.062451394 | BW29: =AQ29/AO29 -> 0.012749511 | BX29: =IF(BT29>BV29,"Compression Controls","Tension Controls") -> Compression Controls | BY29: =IF(BU29>BW29,"Compression Controls","Tension Controls") -> Compression Controls | BZ29: =IF(BX29="Compression Controls",CO29,DG29) -> 2928.6415 | CA29: =IF(BY29="Compression Controls",CX29,DP29) -> 3519.9053 | CB29: =(0.85*fc*BJ29*BK29+CG29*4*(fy-0.85*fc))/1000 -> 4180.148 | CC29: =IF(MAX(AP29*1000/AO29,AQ29*1000/AO29)>0.1*AM29,AU$2/(1/BZ29+1/CA29-1/CB29),AU$2*0.8*CB29) -> 1682.5089 | CD29: =IF(CC29>=AO29,"Safe ","Unsafe") -> Safe | CG29: =(AZ29*0.25*22/7*BB29^2)/4 -> 385 | CH29: =BK29-60 -> 440 | CI29: =BV29*1000+BK29/2-60 -> 252.45139 | CJ29: =0.85*fc*BJ29/(2*CI29) -> 14.141336 | CK29: =0.85*fc*BJ29*(1-CH29/CI29) -> -5304.3757 | CL29: =(600*CG29+CG29*(fy-0.85*fc)*(1-(CH29-60)/CI29)) -> 153932.17 | CM29: =-510*CH29*CG29 -> -86394000 | CN29: =(((CK29*CL29/(6*CJ29^2)-(CK29/(3*CJ29))^3-CM29/(2*CJ29))^2+(-(CK29^2/(9*CJ29^2))+CL29/(3*CJ29))^3)^0.5+CK29*CL29/(6*CJ29^2)-CK29^3/(27*CJ29^3)-CM29/(2*CJ29))^(1/3)+(-(((CK29*CL29/(6*CJ29^2)-(CK29/(3*CJ29))^3-CM29/(2*CJ29))^2+(-(CK29^2/(9*CJ29^2))+CL29/(3*CJ29))^3)^0.5)+CK29*CL29/(6*CJ29^2)-CK29^3/(27*CJ29^3)-CM29/(2*CJ29))^(1/3)-CK29/(3*CJ29) -> 387.66938 | CO29: =((0.85*fc*CN29*BJ29)+(CG29*(fy-0.85*fc))-(CG29*600*((0.85*CH29)-CN29)/CN29))/1000 -> 2928.6415 | CQ29: =BJ29-60 -> 240 | CR29: =BW29*1000+BJ29/2-60 -> 102.74951 | CS29: =0.85*fc*BK29/(2*CR29) -> 57.907818 | CT29: =0.85*fc*BK29*(1-CQ29/CR29) -> -15895.753 | CU29: =(600*CG29+CG29*(fy-0.85*fc)*(1-(CQ29-60)/CR29)) -> 116317.63 | CV29: =-510*CQ29*CG29 -> -47124000 | CW29: =(((CT29*CU29/(6*CS29^2)-(CT29/(3*CS29))^3-CV29/(2*CS29))^2+(-(CT29^2/(9*CS29^2))+CU29/(3*CS29))^3)^0.5+CT29*CU29/(6*CS29^2)-CT29^3/(27*CS29^3)-CV29/(2*CS29))^(1/3)+(-(((CT29*CU29/(6*CS29^2)-(CT29/(3*CS29))^3-CV29/(2*CS29))^2+(-(CT29^2/(9*CS29^2))+CU29/(3*CS29))^3)^0.5)+CT29*CU29/(6*CS29^2)-CT29^3/(27*CS29^3)-CV29/(2*CS29))^(1/3)-CT29/(3*CS29) -> 277.81448 | CX29: =((0.85*fc*CW29*BK29)+(CG29*(fy-0.85*fc))-(CG29*600*((0.85*CQ29)-CW29)/CW29))/1000 -> 3519.9053 | CZ29: =0.425*fc*BJ29 -> 3570 | DA29: =2*CZ29*(CI29-CH29) -> -1339097 | DB29: =CG29*(fy-0.85*fc)*(CI29-CH29+60)-CG29*fy*CI29 -> -60277272 | DC29: =(-DA29+(DA29^2-4*CZ29*DB29)^0.5)/(2*CZ29) -> 415.71273 | DD29: =600*(DC29/0.85-60)*0.85/DC29 -> 526.39148 | DE29: =IF(DD29>fy,DB29,CG29*(DD29-0.85*fc)*(CI29-CH29+60)-CG29*fy*CI29) -> -60277272 | DF29: =(-DA29+(DA29^2-4*CZ29*DE29)^0.5)/(2*CZ29) -> 415.71273 | DG29: =IF(DD29>fy,(0.85*fc*DF29*BJ29+CG29*(fy-0.85*fc)-CG29*fy),(0.85*fc*DF29*BJ29+CG29*(DD29-0.85*fc)-CG29*fy))/1000 -> 2959.0259 | DI29: =0.425*fc*BK29 -> 5950 | DJ29: =2*DI29*(CR29-CQ29) -> -1633280.8 | DK29: =CG29*(fy-0.85*fc)*(CR29-CQ29+60)-CG29*fy*CR29 -> -28398154 | DL29: =(-DJ29+(DJ29^2-4*DI29*DK29)^0.5)/(2*DI29) -> 290.90756 | DM29: =600*(DL29/0.85-60)*0.85/DC29 -> 346.25963 | DN29: =IF(DM29>fy,DK29,CG29*(DM29-0.85*fc)*(CR29-CQ29+60)-CG29*fy*CR29) -> -26205009 | DO29: =(-DJ29+(DJ29^2-4*DI29*DN29)^0.5)/(2*DI29) -> 289.70343 | DP29: =IF(DM29>fy,(0.85*fc*DO29*BK29+CG29*(fy-0.85*fc)-CG29*fy),(0.85*fc*DO29*BK29+CG29*(DM29-0.85*fc)-CG29*fy))/1000 -> 3409.9178 | DT29: =B29 -> C225 | DU29: =AZ29 -> 10 | DV29: =BA29 -> φ | DW29: =BB29 -> 14
A30: Story1 | B30: C226 | C30: 13 | D30: 300 | E30: 600 | F30: 2900 | G30: 559.97 | H30: 24.69 | I30: 5.71 | J30: 3.24 | K30: -2.89 | L30: =(0.9*F30)/(0.3*E30) -> 14.5 | M30: =IF(P30>Q30,(34-12*I30/H30),(34-12*H30/I30)) -> 31.224787 | N30: =IF(L30<=M30,"sho.col","long.col") -> sho.col | P30: =ABS(H30) -> 24.69 | Q30: =ABS(I30) -> 5.71 | R30: =ABS(J30) -> 3.24 | S30: =ABS(K30) -> 2.89 | W30: I/L | X30: 0 | Y30: =(#REF!*Y28^3/12)/Y29 -> #REF! | AJ30: =B30 -> C226 | AL30: 300 | AM30: 600 | AN30: =AM30-60 -> 540 | AO30: =G30 -> 559.97 | AP30: =P30 -> 24.69 | AQ30: =R30 -> 3.24 | AR30: =AP30+(AQ30*AM30/AL30*((1-AS$2)/AS$2)) -> 28.179231 | AS30: =AQ30+(AP30*AL30/AM30*((1-AS$2)/AS$2)) -> 9.8873077 | AT30: =MAX(AR30:AS30) -> 28.179231 | AU30: =AT30/AO30 -> 0.050322751 | AV30: =IF(AU30<=1,"Compression","Tention") -> Compression | AW30: =IF(MAX(AP30*1000/AO30,AQ30*1000/AO30)>0.1*AM30,IF(IF(AV30="Compression",2*(0.5+AU30*10^3/(AN30-BD$2))*(-AL30*AM$2*AM30/(1.18+3*AU30*10^3*AM30/AN30^2)+AO30*10^3/AU$2)/AO$2,2*AO30*1000*(AU30*1000-0.5*AM30+0.2*AN30)/(AU$2*fy*(AN30-BD$2)))<0.01*AL30*AM30,(0.01*AL30*AM30),IF(AV30="Compression",2*(0.5+AU30*10^3/(AN30-60))*(-AL30*AM$2*AM30/(1.18+3*AU30*10^3*AM30/AN30^2)+AO30*10^3/AU$2)/AO$2,2*AO30*1000*(AU30*1000-0.5*AM30+0.2*AN30)/(AU$2*fy*(AN30-BD$2)))),MAX((AO30*1000/(0.8*AU$2)-0.85*fc*AL30*AM30)/(fy-0.85*fc),0.01*AL30*AM30)) -> 1800 | AX30: =AW30/4 -> 450 | AY30: =AW30/(AL30*AM30) -> 0.01 | AZ30: =EVEN(AW30/(PI()*BB30^2/4)) -> 12 | BA30: φ | BB30: 14 | BC30: 5.75 | BD30: =MIN(fc^0.5*AL30*AN30/(6*1000),fc^0.5*(AL30-60)*AM30/(6*1000)) -> 126.99606 | BE30: =(BC30-BF$2*BD30)/BF$2 -> -119.3294 | BF30: =FLOOR(MIN(AL30/2,MIN((3*AZ$2*BI$2/AM30),(16*AZ$2*BI$2/(fc^0.5*AM30))),(8*BB30),(24*AX$2),300),10) -> 110 | BG30: =MAX(MAX(AL30,AM30),(F30/6),450) -> 600 | BH30: =IF(BC30<0.5*BD30*BF$2,"No Need Shear Reinf.",IF(BC30<=BD30*BF$2,BF30,IF(BE30>4*BD30,"Increase b & d",FLOOR(AZ$2*BI$2*AN30/(BE30*1000),50)))) -> No Need Shear Reinf. | BI30: =IF(BH30="No Need Shear Reinf.","Use Φ"&AX$2&"@"&MIN(BF30,BH30)&"mm",IF(BH30="Increase b & d","Increase b & d","Use Φ"&AX$2&"@"&MIN(BF30,BH30)&"mm")) -> Use Φ10@110mm | BJ30: =AL30 -> 300 | BK30: =AM30 -> 600 | BL30: =0.85*(600*AN30)/(600+fy) -> 270 | BM30: =0.85*(600*(BJ30-60))/(600+fy) -> 120 | BN30: =600*(BL30/0.85-60)*0.85/BL30 -> 486.66667 | BO30: =600*(BM30/0.85-60)*0.85/BM30 -> 345 | BP30: =IF(BN30>fy,(0.85*fc*BL30*BJ30+CG30*(fy-0.85*fc)-CG30*fy),(0.85*fc*BL30*BJ30+CG30*(BN30-0.85*fc)-CG30*fy))/1000 -> 1916.8044 | BQ30: =IF(BO30>fy,(0.85*fc*BM30*BK30+CG30*(fy-0.85*fc)-CG30*fy),(0.85*fc*BM30*BK30+CG30*(BO30-0.85*fc)-CG30*fy))/1000 -> 1667.9544 | BR30: =IF(BN30>fy,(0.85*fc*BL30*BJ30*(BK30/2-BL30/2)+CG30*(fy-0.85*fc)*(BK30/2-60)+CG30*fy*(BK30/2-60)),(0.85*fc*BL30*BJ30*(AN30-BL30/2-60)+CG30*(BN30-0.85*fc)*(BK30/2-60)+CG30*fy*(BK30/2-60)))/1000000 -> 408.58726 | BS30: =IF(BO30>fy,(0.85*fc*BM30*BK30*((BJ30-60)-BM30/2-60)+CG30*(fy-0.85*AM$2)*(BJ30/2-60)-CG30*fy*(BJ30/2-60)),(0.85*fc*BM30*BK30*((BJ30-60)-BM30/2-60)+CG30*(BO30-0.85*fc)*(BJ30/2-60)-CG30*fy*(BJ30/2-60)))/1000000 -> 201.5239 | BT30: =BR30/BP30 -> 0.21316064 | BU30: =BS30/BQ30 -> 0.12082099 | BV30: =AP30/AO30 -> 0.044091648 | BW30: =AQ30/AO30 -> 0.0057860243 | BX30: =IF(BT30>BV30,"Compression Controls","Tension Controls") -> Compression Controls | BY30: =IF(BU30>BW30,"Compression Controls","Tension Controls") -> Compression Controls | BZ30: =IF(BX30="Compression Controls",CO30,DG30) -> 3971.0212 | CA30: =IF(BY30="Compression Controls",CX30,DP30) -> 4436.1081 | CB30: =(0.85*fc*BJ30*BK30+CG30*4*(fy-0.85*fc))/1000 -> 5016.1776 | CC30: =IF(MAX(AP30*1000/AO30,AQ30*1000/AO30)>0.1*AM30,AU$2/(1/BZ30+1/CA30-1/CB30),AU$2*0.8*CB30) -> 2608.4124 | CD30: =IF(CC30>=AO30,"Safe ","Unsafe") -> Safe | CG30: =(AZ30*0.25*22/7*BB30^2)/4 -> 462 | CH30: =BK30-60 -> 540 | CI30: =BV30*1000+BK30/2-60 -> 284.09165 | CJ30: =0.85*fc*BJ30/(2*CI30) -> 12.566367 | CK30: =0.85*fc*BJ30*(1-CH30/CI30) -> -6431.6767 | CL30: =(600*CG30+CG30*(fy-0.85*fc)*(1-(CH30-60)/CI30)) -> 150973.39 | CM30: =-510*CH30*CG30 -> -127234800 | CN30: =(((CK30*CL30/(6*CJ30^2)-(CK30/(3*CJ30))^3-CM30/(2*CJ30))^2+(-(CK30^2/(9*CJ30^2))+CL30/(3*CJ30))^3)^0.5+CK30*CL30/(6*CJ30^2)-CK30^3/(27*CJ30^3)-CM30/(2*CJ30))^(1/3)+(-(((CK30*CL30/(6*CJ30^2)-(CK30/(3*CJ30))^3-CM30/(2*CJ30))^2+(-(CK30^2/(9*CJ30^2))+CL30/(3*CJ30))^3)^0.5)+CK30*CL30/(6*CJ30^2)-CK30^3/(27*CJ30^3)-CM30/(2*CJ30))^(1/3)-CK30/(3*CJ30) -> 525.60897 | CO30: =((0.85*fc*CN30*BJ30)+(CG30*(fy-0.85*fc))-(CG30*600*((0.85*CH30)-CN30)/CN30))/1000 -> 3971.0212 | CQ30: =BJ30-60 -> 240 | CR30: =BW30*1000+BJ30/2-60 -> 95.786024 | CS30: =0.85*fc*BK30/(2*CR30) -> 74.541146 | CT30: =0.85*fc*BK30*(1-CQ30/CR30) -> -21499.75 | CU30: =(600*CG30+CG30*(fy-0.85*fc)*(1-(CQ30-60)/CR30)) -> 116269.46 | CV30: =-510*CQ30*CG30 -> -56548800 | CW30: =(((CT30*CU30/(6*CS30^2)-(CT30/(3*CS30))^3-CV30/(2*CS30))^2+(-(CT30^2/(9*CS30^2))+CU30/(3*CS30))^3)^0.5+CT30*CU30/(6*CS30^2)-CT30^3/(27*CS30^3)-CV30/(2*CS30))^(1/3)+(-(((CT30*CU30/(6*CS30^2)-(CT30/(3*CS30))^3-CV30/(2*CS30))^2+(-(CT30^2/(9*CS30^2))+CU30/(3*CS30))^3)^0.5)+CT30*CU30/(6*CS30^2)-CT30^3/(27*CS30^3)-CV30/(2*CS30))^(1/3)-CT30/(3*CS30) -> 291.98421 | CX30: =((0.85*fc*CW30*BK30)+(CG30*(fy-0.85*fc))-(CG30*600*((0.85*CQ30)-CW30)/CW30))/1000 -> 4436.1081 | CZ30: =0.425*fc*BJ30 -> 3570 | DA30: =2*CZ30*(CI30-CH30) -> -1827185.6 | DB30: =CG30*(fy-0.85*fc)*(CI30-CH30+60)-CG30*fy*CI30 -> -90985070 | DC30: =(-DA30+(DA30^2-4*CZ30*DB30)^0.5)/(2*CZ30) -> 557.52914 | DD30: =600*(DC30/0.85-60)*0.85/DC30 -> 545.11498 | DE30: =IF(DD30>fy,DB30,CG30*(DD30-0.85*fc)*(CI30-CH30+60)-CG30*fy*CI30) -> -90985070 | DF30: =(-DA30+(DA30^2-4*CZ30*DE30)^0.5)/(2*CZ30) -> 557.52914 | DG30: =IF(DD30>fy,(0.85*fc*DF30*BJ30+CG30*(fy-0.85*fc)-CG30*fy),(0.85*fc*DF30*BJ30+CG30*(DD30-0.85*fc)-CG30*fy))/1000 -> 3969.7624 | DI30: =0.425*fc*BK30 -> 7140 | DJ30: =2*DI30*(CR30-CQ30) -> -2059375.6 | DK30: =CG30*(fy-0.85*fc)*(CR30-CQ30+60)-CG30*fy*CR30 -> -34001217 | DL30: =(-DJ30+(DJ30^2-4*DI30*DK30)^0.5)/(2*DI30) -> 304.08813 | DM30: =600*(DL30/0.85-60)*0.85/DC30 -> 272.36761 | DN30: =IF(DM30>fy,DK30,CG30*(DM30-0.85*fc)*(CR30-CQ30+60)-CG30*fy*CR30) -> -28257305 | DO30: =(-DJ30+(DJ30^2-4*DI30*DN30)^0.5)/(2*DI30) -> 301.55207 | DP30: =IF(DM30>fy,(0.85*fc*DO30*BK30+CG30*(fy-0.85*fc)-CG30*fy),(0.85*fc*DO30*BK30+CG30*(DM30-0.85*fc)-CG30*fy))/1000 -> 4226.9618 | DT30: =B30 -> C226 | DU30: =AZ30 -> 12 | DV30: =BA30 -> φ | DW30: =BB30 -> 14
A31: Story1 | B31: C227 | C31: 58 | D31: 300 | E31: 600 | F31: 2900 | G31: 694.21 | H31: 4.87 | I31: 6.51 | J31: 60.4 | K31: -7.5 | L31: =(0.9*F31)/(0.3*E31) -> 14.5 | M31: =IF(P31>Q31,(34-12*I31/H31),(34-12*H31/I31)) -> 25.023041 | N31: =IF(L31<=M31,"sho.col","long.col") -> sho.col | P31: =ABS(H31) -> 4.87 | Q31: =ABS(I31) -> 6.51 | R31: =ABS(J31) -> 60.4 | S31: =ABS(K31) -> 7.5 | V31: Bottom | W31: B | X31: 0 | Y31: 500 | Z31: 500 | AA31: 501 | AB31: 502 | AC31: 0 | AD31: 1 | AJ31: =B31 -> C227 | AL31: 300 | AM31: 600 | AN31: =AM31-60 -> 540 | AO31: =G31 -> 694.21 | AP31: =P31 -> 4.87 | AQ31: =R31 -> 60.4 | AR31: =AP31+(AQ31*AM31/AL31*((1-AS$2)/AS$2)) -> 69.916154 | AS31: =AQ31+(AP31*AL31/AM31*((1-AS$2)/AS$2)) -> 61.711154 | AT31: =MAX(AR31:AS31) -> 69.916154 | AU31: =AT31/AO31 -> 0.10071326 | AV31: =IF(AU31<=1,"Compression","Tention") -> Compression | AW31: =IF(MAX(AP31*1000/AO31,AQ31*1000/AO31)>0.1*AM31,IF(IF(AV31="Compression",2*(0.5+AU31*10^3/(AN31-BD$2))*(-AL31*AM$2*AM31/(1.18+3*AU31*10^3*AM31/AN31^2)+AO31*10^3/AU$2)/AO$2,2*AO31*1000*(AU31*1000-0.5*AM31+0.2*AN31)/(AU$2*fy*(AN31-BD$2)))<0.01*AL31*AM31,(0.01*AL31*AM31),IF(AV31="Compression",2*(0.5+AU31*10^3/(AN31-60))*(-AL31*AM$2*AM31/(1.18+3*AU31*10^3*AM31/AN31^2)+AO31*10^3/AU$2)/AO$2,2*AO31*1000*(AU31*1000-0.5*AM31+0.2*AN31)/(AU$2*fy*(AN31-BD$2)))),MAX((AO31*1000/(0.8*AU$2)-0.85*fc*AL31*AM31)/(fy-0.85*fc),0.01*AL31*AM31)) -> 1800 | AX31: =AW31/4 -> 450 | AY31: =AW31/(AL31*AM31) -> 0.01 | AZ31: =EVEN(AW31/(PI()*BB31^2/4)) -> 12 | BA31: φ | BB31: 14 | BC31: 20.58 | BD31: =MIN(fc^0.5*AL31*AN31/(6*1000),fc^0.5*(AL31-60)*AM31/(6*1000)) -> 126.99606 | BE31: =(BC31-BF$2*BD31)/BF$2 -> -99.556063 | BF31: =FLOOR(MIN(AL31/2,MIN((3*AZ$2*BI$2/AM31),(16*AZ$2*BI$2/(fc^0.5*AM31))),(8*BB31),(24*AX$2),300),10) -> 110 | BG31: =MAX(MAX(AL31,AM31),(F31/6),450) -> 600 | BH31: =IF(BC31<0.5*BD31*BF$2,"No Need Shear Reinf.",IF(BC31<=BD31*BF$2,BF31,IF(BE31>4*BD31,"Increase b & d",FLOOR(AZ$2*BI$2*AN31/(BE31*1000),50)))) -> No Need Shear Reinf. | BI31: =IF(BH31="No Need Shear Reinf.","Use Φ"&AX$2&"@"&MIN(BF31,BH31)&"mm",IF(BH31="Increase b & d","Increase b & d","Use Φ"&AX$2&"@"&MIN(BF31,BH31)&"mm")) -> Use Φ10@110mm | BJ31: =AL31 -> 300 | BK31: =AM31 -> 600 | BL31: =0.85*(600*AN31)/(600+fy) -> 270 | BM31: =0.85*(600*(BJ31-60))/(600+fy) -> 120 | BN31: =600*(BL31/0.85-60)*0.85/BL31 -> 486.66667 | BO31: =600*(BM31/0.85-60)*0.85/BM31 -> 345 | BP31: =IF(BN31>fy,(0.85*fc*BL31*BJ31+CG31*(fy-0.85*fc)-CG31*fy),(0.85*fc*BL31*BJ31+CG31*(BN31-0.85*fc)-CG31*fy))/1000 -> 1916.8044 | BQ31: =IF(BO31>fy,(0.85*fc*BM31*BK31+CG31*(fy-0.85*fc)-CG31*fy),(0.85*fc*BM31*BK31+CG31*(BO31-0.85*fc)-CG31*fy))/1000 -> 1667.9544 | BR31: =IF(BN31>fy,(0.85*fc*BL31*BJ31*(BK31/2-BL31/2)+CG31*(fy-0.85*fc)*(BK31/2-60)+CG31*fy*(BK31/2-60)),(0.85*fc*BL31*BJ31*(AN31-BL31/2-60)+CG31*(BN31-0.85*fc)*(BK31/2-60)+CG31*fy*(BK31/2-60)))/1000000 -> 408.58726 | BS31: =IF(BO31>fy,(0.85*fc*BM31*BK31*((BJ31-60)-BM31/2-60)+CG31*(fy-0.85*AM$2)*(BJ31/2-60)-CG31*fy*(BJ31/2-60)),(0.85*fc*BM31*BK31*((BJ31-60)-BM31/2-60)+CG31*(BO31-0.85*fc)*(BJ31/2-60)-CG31*fy*(BJ31/2-60)))/1000000 -> 201.5239 | BT31: =BR31/BP31 -> 0.21316064 | BU31: =BS31/BQ31 -> 0.12082099 | BV31: =AP31/AO31 -> 0.0070151683 | BW31: =AQ31/AO31 -> 0.087005373 | BX31: =IF(BT31>BV31,"Compression Controls","Tension Controls") -> Compression Controls | BY31: =IF(BU31>BW31,"Compression Controls","Tension Controls") -> Compression Controls | BZ31: =IF(BX31="Compression Controls",CO31,DG31) -> 4520.6605 | CA31: =IF(BY31="Compression Controls",CX31,DP31) -> 2149.4 | CB31: =(0.85*fc*BJ31*BK31+CG31*4*(fy-0.85*fc))/1000 -> 5016.1776 | CC31: =IF(MAX(AP31*1000/AO31,AQ31*1000/AO31)>0.1*AM31,AU$2/(1/BZ31+1/CA31-1/CB31),AU$2*0.8*CB31) -> 1334.4345 | CD31: =IF(CC31>=AO31,"Safe ","Unsafe") -> Safe | CG31: =(AZ31*0.25*22/7*BB31^2)/4 -> 462 | CH31: =BK31-60 -> 540 | CI31: =BV31*1000+BK31/2-60 -> 247.01517 | CJ31: =0.85*fc*BJ31/(2*CI31) -> 14.452554 | CK31: =0.85*fc*BJ31*(1-CH31/CI31) -> -8468.7581 | CL31: =(600*CG31+CG31*(fy-0.85*fc)*(1-(CH31-60)/CI31)) -> 104552.43 | CM31: =-510*CH31*CG31 -> -127234800 | CN31: =(((CK31*CL31/(6*CJ31^2)-(CK31/(3*CJ31))^3-CM31/(2*CJ31))^2+(-(CK31^2/(9*CJ31^2))+CL31/(3*CJ31))^3)^0.5+CK31*CL31/(6*CJ31^2)-CK31^3/(27*CJ31^3)-CM31/(2*CJ31))^(1/3)+(-(((CK31*CL31/(6*CJ31^2)-(CK31/(3*CJ31))^3-CM31/(2*CJ31))^2+(-(CK31^2/(9*CJ31^2))+CL31/(3*CJ31))^3)^0.5)+CK31*CL31/(6*CJ31^2)-CK31^3/(27*CJ31^3)-CM31/(2*CJ31))^(1/3)-CK31/(3*CJ31) -> 598.46206 | CO31: =((0.85*fc*CN31*BJ31)+(CG31*(fy-0.85*fc))-(CG31*600*((0.85*CH31)-CN31)/CN31))/1000 -> 4520.6605 | CQ31: =BJ31-60 -> 240 | CR31: =BW31*1000+BJ31/2-60 -> 177.00537 | CS31: =0.85*fc*BK31/(2*CR31) -> 40.337759 | CT31: =0.85*fc*BK31*(1-CQ31/CR31) -> -5082.1241 | CU31: =(600*CG31+CG31*(fy-0.85*fc)*(1-(CQ31-60)/CR31)) -> 274103.2 | CV31: =-510*CQ31*CG31 -> -56548800 | CW31: =(((CT31*CU31/(6*CS31^2)-(CT31/(3*CS31))^3-CV31/(2*CS31))^2+(-(CT31^2/(9*CS31^2))+CU31/(3*CS31))^3)^0.5+CT31*CU31/(6*CS31^2)-CT31^3/(27*CS31^3)-CV31/(2*CS31))^(1/3)+(-(((CT31*CU31/(6*CS31^2)-(CT31/(3*CS31))^3-CV31/(2*CS31))^2+(-(CT31^2/(9*CS31^2))+CU31/(3*CS31))^3)^0.5)+CT31*CU31/(6*CS31^2)-CT31^3/(27*CS31^3)-CV31/(2*CS31))^(1/3)-CT31/(3*CS31) -> 145.50396 | CX31: =((0.85*fc*CW31*BK31)+(CG31*(fy-0.85*fc))-(CG31*600*((0.85*CQ31)-CW31)/CW31))/1000 -> 2149.4 | CZ31: =0.425*fc*BJ31 -> 3570 | DA31: =2*CZ31*(CI31-CH31) -> -2091911.7 | DB31: =CG31*(fy-0.85*fc)*(CI31-CH31+60)-CG31*fy*CI31 -> -90577392 | DC31: =(-DA31+(DA31^2-4*CZ31*DB31)^0.5)/(2*CZ31) -> 626.46936 | DD31: =600*(DC31/0.85-60)*0.85/DC31 -> 551.15483 | DE31: =IF(DD31>fy,DB31,CG31*(DD31-0.85*fc)*(CI31-CH31+60)-CG31*fy*CI31) -> -90577392 | DF31: =(-DA31+(DA31^2-4*CZ31*DE31)^0.5)/(2*CZ31) -> 626.46936 | DG31: =IF(DD31>fy,(0.85*fc*DF31*BJ31+CG31*(fy-0.85*fc)-CG31*fy),(0.85*fc*DF31*BJ31+CG31*(DD31-0.85*fc)-CG31*fy))/1000 -> 4461.9956 | DI31: =0.425*fc*BK31 -> 7140 | DJ31: =2*DI31*(CR31-CQ31) -> -899563.27 | DK31: =CG31*(fy-0.85*fc)*(CR31-CQ31+60)-CG31*fy*CR31 -> -34894272 | DL31: =(-DJ31+(DJ31^2-4*DI31*DK31)^0.5)/(2*DI31) -> 157.09817 | DM31: =600*(DL31/0.85-60)*0.85/DC31 -> 101.61534 | DN31: =IF(DM31>fy,DK31,CG31*(DM31-0.85*fc)*(CR31-CQ31+60)-CG31*fy*CR31) -> -34453781 | DO31: =(-DJ31+(DJ31^2-4*DI31*DN31)^0.5)/(2*DI31) -> 156.7698 | DP31: =IF(DM31>fy,(0.85*fc*DO31*BK31+CG31*(fy-0.85*fc)-CG31*fy),(0.85*fc*DO31*BK31+CG31*(DM31-0.85*fc)-CG31*fy))/1000 -> 2080.5834 | DT31: =B31 -> C227 | DU31: =AZ31 -> 12 | DV31: =BA31 -> φ | DW31: =BB31 -> 14
A32: Story1 | B32: C229 | C32: 22 | D32: 200 | E32: 500 | F32: 2900 | G32: 369.05 | H32: 23.4 | I32: -7.42 | J32: -4.84 | K32: 4.92 | L32: =(0.9*F32)/(0.3*E32) -> 17.4 | M32: =IF(P32>Q32,(34-12*I32/H32),(34-12*H32/I32)) -> 37.805128 | N32: =IF(L32<=M32,"sho.col","long.col") -> sho.col | P32: =ABS(H32) -> 23.4 | Q32: =ABS(I32) -> 7.42 | R32: =ABS(J32) -> 4.84 | S32: =ABS(K32) -> 4.92 | W32: H | X32: 0 | Y32: 600 | AJ32: =B32 -> C229 | AL32: 200 | AM32: 500 | AN32: =AM32-60 -> 440 | AO32: =G32 -> 369.05 | AP32: =P32 -> 23.4 | AQ32: =R32 -> 4.84 | AR32: =AP32+(AQ32*AM32/AL32*((1-AS$2)/AS$2)) -> 29.915385 | AS32: =AQ32+(AP32*AL32/AM32*((1-AS$2)/AS$2)) -> 9.88 | AT32: =MAX(AR32:AS32) -> 29.915385 | AU32: =AT32/AO32 -> 0.081060519 | AV32: =IF(AU32<=1,"Compression","Tention") -> Compression | AW32: =IF(MAX(AP32*1000/AO32,AQ32*1000/AO32)>0.1*AM32,IF(IF(AV32="Compression",2*(0.5+AU32*10^3/(AN32-BD$2))*(-AL32*AM$2*AM32/(1.18+3*AU32*10^3*AM32/AN32^2)+AO32*10^3/AU$2)/AO$2,2*AO32*1000*(AU32*1000-0.5*AM32+0.2*AN32)/(AU$2*fy*(AN32-BD$2)))<0.01*AL32*AM32,(0.01*AL32*AM32),IF(AV32="Compression",2*(0.5+AU32*10^3/(AN32-60))*(-AL32*AM$2*AM32/(1.18+3*AU32*10^3*AM32/AN32^2)+AO32*10^3/AU$2)/AO$2,2*AO32*1000*(AU32*1000-0.5*AM32+0.2*AN32)/(AU$2*fy*(AN32-BD$2)))),MAX((AO32*1000/(0.8*AU$2)-0.85*fc*AL32*AM32)/(fy-0.85*fc),0.01*AL32*AM32)) -> 1000 | AX32: =AW32/4 -> 250 | AY32: =AW32/(AL32*AM32) -> 0.01 | AZ32: =EVEN(AW32/(PI()*BB32^2/4)) -> 8 | BA32: φ | BB32: 14 | BC32: 21.16 | BD32: =MIN(fc^0.5*AL32*AN32/(6*1000),fc^0.5*(AL32-60)*AM32/(6*1000)) -> 61.734197 | BE32: =(BC32-BF$2*BD32)/BF$2 -> -33.520864 | BF32: =FLOOR(MIN(AL32/2,MIN((3*AZ$2*BI$2/AM32),(16*AZ$2*BI$2/(fc^0.5*AM32))),(8*BB32),(24*AX$2),300),10) -> 100 | BG32: =MAX(MAX(AL32,AM32),(F32/6),450) -> 500 | BH32: =IF(BC32<0.5*BD32*BF$2,"No Need Shear Reinf.",IF(BC32<=BD32*BF$2,BF32,IF(BE32>4*BD32,"Increase b & d",FLOOR(AZ$2*BI$2*AN32/(BE32*1000),50)))) -> No Need Shear Reinf. | BI32: =IF(BH32="No Need Shear Reinf.","Use Φ"&AX$2&"@"&MIN(BF32,BH32)&"mm",IF(BH32="Increase b & d","Increase b & d","Use Φ"&AX$2&"@"&MIN(BF32,BH32)&"mm")) -> Use Φ10@100mm | BJ32: =AL32 -> 200 | BK32: =AM32 -> 500 | BL32: =0.85*(600*AN32)/(600+fy) -> 220 | BM32: =0.85*(600*(BJ32-60))/(600+fy) -> 70 | BN32: =600*(BL32/0.85-60)*0.85/BL32 -> 460.90909 | BO32: =600*(BM32/0.85-60)*0.85/BM32 -> 162.85714 | BP32: =IF(BN32>fy,(0.85*fc*BL32*BJ32+CG32*(fy-0.85*fc)-CG32*fy),(0.85*fc*BL32*BJ32+CG32*(BN32-0.85*fc)-CG32*fy))/1000 -> 1039.8696 | BQ32: =IF(BO32>fy,(0.85*fc*BM32*BK32+CG32*(fy-0.85*fc)-CG32*fy),(0.85*fc*BM32*BK32+CG32*(BO32-0.85*fc)-CG32*fy))/1000 -> 746.4696 | BR32: =IF(BN32>fy,(0.85*fc*BL32*BJ32*(BK32/2-BL32/2)+CG32*(fy-0.85*fc)*(BK32/2-60)+CG32*fy*(BK32/2-60)),(0.85*fc*BL32*BJ32*(AN32-BL32/2-60)+CG32*(BN32-0.85*fc)*(BK32/2-60)+CG32*fy*(BK32/2-60)))/1000000 -> 194.37202 | BS32: =IF(BO32>fy,(0.85*fc*BM32*BK32*((BJ32-60)-BM32/2-60)+CG32*(fy-0.85*AM$2)*(BJ32/2-60)-CG32*fy*(BJ32/2-60)),(0.85*fc*BM32*BK32*((BJ32-60)-BM32/2-60)+CG32*(BO32-0.85*fc)*(BJ32/2-60)-CG32*fy*(BJ32/2-60)))/1000000 -> 34.023784 | BT32: =BR32/BP32 -> 0.18691961 | BU32: =BS32/BQ32 -> 0.045579598 | BV32: =AP32/AO32 -> 0.063406043 | BW32: =AQ32/AO32 -> 0.013114754 | BX32: =IF(BT32>BV32,"Compression Controls","Tension Controls") -> Compression Controls | BY32: =IF(BU32>BW32,"Compression Controls","Tension Controls") -> Compression Controls | BZ32: =IF(BX32="Compression Controls",CO32,DG32) -> 1975.968 | CA32: =IF(BY32="Compression Controls",CX32,DP32) -> 2250.3451 | CB32: =(0.85*fc*BJ32*BK32+CG32*4*(fy-0.85*fc))/1000 -> 2868.1184 | CC32: =IF(MAX(AP32*1000/AO32,AQ32*1000/AO32)>0.1*AM32,AU$2/(1/BZ32+1/CA32-1/CB32),AU$2*0.8*CB32) -> 1080.0989 | CD32: =IF(CC32>=AO32,"Safe ","Unsafe") -> Safe | CG32: =(AZ32*0.25*22/7*BB32^2)/4 -> 308 | CH32: =BK32-60 -> 440 | CI32: =BV32*1000+BK32/2-60 -> 253.40604 | CJ32: =0.85*fc*BJ32/(2*CI32) -> 9.3920412 | CK32: =0.85*fc*BJ32*(1-CH32/CI32) -> -3504.9963 | CL32: =(600*CG32+CG32*(fy-0.85*fc)*(1-(CH32-60)/CI32)) -> 123837.72 | CM32: =-510*CH32*CG32 -> -69115200 | CN32: =(((CK32*CL32/(6*CJ32^2)-(CK32/(3*CJ32))^3-CM32/(2*CJ32))^2+(-(CK32^2/(9*CJ32^2))+CL32/(3*CJ32))^3)^0.5+CK32*CL32/(6*CJ32^2)-CK32^3/(27*CJ32^3)-CM32/(2*CJ32))^(1/3)+(-(((CK32*CL32/(6*CJ32^2)-(CK32/(3*CJ32))^3-CM32/(2*CJ32))^2+(-(CK32^2/(9*CJ32^2))+CL32/(3*CJ32))^3)^0.5)+CK32*CL32/(6*CJ32^2)-CK32^3/(27*CJ32^3)-CM32/(2*CJ32))^(1/3)-CK32/(3*CJ32) -> 388.07479 | CO32: =((0.85*fc*CN32*BJ32)+(CG32*(fy-0.85*fc))-(CG32*600*((0.85*CH32)-CN32)/CN32))/1000 -> 1975.968 | CQ32: =BJ32-60 -> 140 | CR32: =BW32*1000+BJ32/2-60 -> 53.114754 | CS32: =0.85*fc*BK32/(2*CR32) -> 112.0216 | CT32: =0.85*fc*BK32*(1-CQ32/CR32) -> -19466.049 | CU32: =(600*CG32+CG32*(fy-0.85*fc)*(1-(CQ32-60)/CR32)) -> 123031.93 | CV32: =-510*CQ32*CG32 -> -21991200 | CW32: =(((CT32*CU32/(6*CS32^2)-(CT32/(3*CS32))^3-CV32/(2*CS32))^2+(-(CT32^2/(9*CS32^2))+CU32/(3*CS32))^3)^0.5+CT32*CU32/(6*CS32^2)-CT32^3/(27*CS32^3)-CV32/(2*CS32))^(1/3)+(-(((CT32*CU32/(6*CS32^2)-(CT32/(3*CS32))^3-CV32/(2*CS32))^2+(-(CT32^2/(9*CS32^2))+CU32/(3*CS32))^3)^0.5)+CT32*CU32/(6*CS32^2)-CT32^3/(27*CS32^3)-CV32/(2*CS32))^(1/3)-CT32/(3*CS32) -> 173.9447 | CX32: =((0.85*fc*CW32*BK32)+(CG32*(fy-0.85*fc))-(CG32*600*((0.85*CQ32)-CW32)/CW32))/1000 -> 2250.3451 | CZ32: =0.425*fc*BJ32 -> 2380 | DA32: =2*CZ32*(CI32-CH32) -> -888187.24 | DB32: =CG32*(fy-0.85*fc)*(CI32-CH32+60)-CG32*fy*CI32 -> -48228816 | DC32: =(-DA32+(DA32^2-4*CZ32*DB32)^0.5)/(2*CZ32) -> 421.28847 | DD32: =600*(DC32/0.85-60)*0.85/DC32 -> 527.36568 | DE32: =IF(DD32>fy,DB32,CG32*(DD32-0.85*fc)*(CI32-CH32+60)-CG32*fy*CI32) -> -48228816 | DF32: =(-DA32+(DA32^2-4*CZ32*DE32)^0.5)/(2*CZ32) -> 421.28847 | DG32: =IF(DD32>fy,(0.85*fc*DF32*BJ32+CG32*(fy-0.85*fc)-CG32*fy),(0.85*fc*DF32*BJ32+CG32*(DD32-0.85*fc)-CG32*fy))/1000 -> 1998.0027 | DI32: =0.425*fc*BK32 -> 5950 | DJ32: =2*DI32*(CR32-CQ32) -> -1033934.4 | DK32: =CG32*(fy-0.85*fc)*(CR32-CQ32+60)-CG32*fy*CR32 -> -10151720 | DL32: =(-DJ32+(DJ32^2-4*DI32*DK32)^0.5)/(2*DI32) -> 183.08929 | DM32: =600*(DL32/0.85-60)*0.85/DC32 -> 188.12186 | DN32: =IF(DM32>fy,DK32,CG32*(DM32-0.85*fc)*(CR32-CQ32+60)-CG32*fy*CR32) -> -8231617.4 | DO32: =(-DJ32+(DJ32^2-4*DI32*DN32)^0.5)/(2*DI32) -> 181.39721 | DP32: =IF(DM32>fy,(0.85*fc*DO32*BK32+CG32*(fy-0.85*fc)-CG32*fy),(0.85*fc*DO32*BK32+CG32*(DM32-0.85*fc)-CG32*fy))/1000 -> 2079.8779 | DT32: =B32 -> C229 | DU32: =AZ32 -> 8 | DV32: =BA32 -> φ | DW32: =BB32 -> 14
A33: Story1 | B33: C230 | C33: 25 | D33: 200 | E33: 500 | F33: 2900 | G33: 786.5 | H33: 25.05 | I33: 10.48 | J33: 4.32 | K33: 9.45 | L33: =(0.9*F33)/(0.3*E33) -> 17.4 | M33: =IF(P33>Q33,(34-12*I33/H33),(34-12*H33/I33)) -> 28.979641 | N33: =IF(L33<=M33,"sho.col","long.col") -> sho.col | P33: =ABS(H33) -> 25.05 | Q33: =ABS(I33) -> 10.48 | R33: =ABS(J33) -> 4.32 | S33: =ABS(K33) -> 9.45 | W33: L | X33: 0 | Y33: 5200 | Z33: 0 | AA33: 0 | AB33: 0 | AC33: 0 | AJ33: =B33 -> C230 | AL33: 200 | AM33: 500 | AN33: =AM33-60 -> 440 | AO33: =G33 -> 786.5 | AP33: =P33 -> 25.05 | AQ33: =R33 -> 4.32 | AR33: =AP33+(AQ33*AM33/AL33*((1-AS$2)/AS$2)) -> 30.865385 | AS33: =AQ33+(AP33*AL33/AM33*((1-AS$2)/AS$2)) -> 9.7153846 | AT33: =MAX(AR33:AS33) -> 30.865385 | AU33: =AT33/AO33 -> 0.039243973 | AV33: =IF(AU33<=1,"Compression","Tention") -> Compression | AW33: =IF(MAX(AP33*1000/AO33,AQ33*1000/AO33)>0.1*AM33,IF(IF(AV33="Compression",2*(0.5+AU33*10^3/(AN33-BD$2))*(-AL33*AM$2*AM33/(1.18+3*AU33*10^3*AM33/AN33^2)+AO33*10^3/AU$2)/AO$2,2*AO33*1000*(AU33*1000-0.5*AM33+0.2*AN33)/(AU$2*fy*(AN33-BD$2)))<0.01*AL33*AM33,(0.01*AL33*AM33),IF(AV33="Compression",2*(0.5+AU33*10^3/(AN33-60))*(-AL33*AM$2*AM33/(1.18+3*AU33*10^3*AM33/AN33^2)+AO33*10^3/AU$2)/AO$2,2*AO33*1000*(AU33*1000-0.5*AM33+0.2*AN33)/(AU$2*fy*(AN33-BD$2)))),MAX((AO33*1000/(0.8*AU$2)-0.85*fc*AL33*AM33)/(fy-0.85*fc),0.01*AL33*AM33)) -> 1000 | AX33: =AW33/4 -> 250 | AY33: =AW33/(AL33*AM33) -> 0.01 | AZ33: =EVEN(AW33/(PI()*BB33^2/4)) -> 8 | BA33: φ | BB33: 14 | BC33: 41.75 | BD33: =MIN(fc^0.5*AL33*AN33/(6*1000),fc^0.5*(AL33-60)*AM33/(6*1000)) -> 61.734197 | BE33: =(BC33-BF$2*BD33)/BF$2 -> -6.0675306 | BF33: =FLOOR(MIN(AL33/2,MIN((3*AZ$2*BI$2/AM33),(16*AZ$2*BI$2/(fc^0.5*AM33))),(8*BB33),(24*AX$2),300),10) -> 100 | BG33: =MAX(MAX(AL33,AM33),(F33/6),450) -> 500 | BH33: =IF(BC33<0.5*BD33*BF$2,"No Need Shear Reinf.",IF(BC33<=BD33*BF$2,BF33,IF(BE33>4*BD33,"Increase b & d",FLOOR(AZ$2*BI$2*AN33/(BE33*1000),50)))) -> 100 | BI33: =IF(BH33="No Need Shear Reinf.","Use Φ"&AX$2&"@"&MIN(BF33,BH33)&"mm",IF(BH33="Increase b & d","Increase b & d","Use Φ"&AX$2&"@"&MIN(BF33,BH33)&"mm")) -> Use Φ10@100mm | BJ33: =AL33 -> 200 | BK33: =AM33 -> 500 | BL33: =0.85*(600*AN33)/(600+fy) -> 220 | BM33: =0.85*(600*(BJ33-60))/(600+fy) -> 70 | BN33: =600*(BL33/0.85-60)*0.85/BL33 -> 460.90909 | BO33: =600*(BM33/0.85-60)*0.85/BM33 -> 162.85714 | BP33: =IF(BN33>fy,(0.85*fc*BL33*BJ33+CG33*(fy-0.85*fc)-CG33*fy),(0.85*fc*BL33*BJ33+CG33*(BN33-0.85*fc)-CG33*fy))/1000 -> 1039.8696 | BQ33: =IF(BO33>fy,(0.85*fc*BM33*BK33+CG33*(fy-0.85*fc)-CG33*fy),(0.85*fc*BM33*BK33+CG33*(BO33-0.85*fc)-CG33*fy))/1000 -> 746.4696 | BR33: =IF(BN33>fy,(0.85*fc*BL33*BJ33*(BK33/2-BL33/2)+CG33*(fy-0.85*fc)*(BK33/2-60)+CG33*fy*(BK33/2-60)),(0.85*fc*BL33*BJ33*(AN33-BL33/2-60)+CG33*(BN33-0.85*fc)*(BK33/2-60)+CG33*fy*(BK33/2-60)))/1000000 -> 194.37202 | BS33: =IF(BO33>fy,(0.85*fc*BM33*BK33*((BJ33-60)-BM33/2-60)+CG33*(fy-0.85*AM$2)*(BJ33/2-60)-CG33*fy*(BJ33/2-60)),(0.85*fc*BM33*BK33*((BJ33-60)-BM33/2-60)+CG33*(BO33-0.85*fc)*(BJ33/2-60)-CG33*fy*(BJ33/2-60)))/1000000 -> 34.023784 | BT33: =BR33/BP33 -> 0.18691961 | BU33: =BS33/BQ33 -> 0.045579598 | BV33: =AP33/AO33 -> 0.031849968 | BW33: =AQ33/AO33 -> 0.0054926891 | BX33: =IF(BT33>BV33,"Compression Controls","Tension Controls") -> Compression Controls | BY33: =IF(BU33>BW33,"Compression Controls","Tension Controls") -> Compression Controls | BZ33: =IF(BX33="Compression Controls",CO33,DG33) -> 2285.2617 | CA33: =IF(BY33="Compression Controls",CX33,DP33) -> 2451.6067 | CB33: =(0.85*fc*BJ33*BK33+CG33*4*(fy-0.85*fc))/1000 -> 2868.1184 | CC33: =IF(MAX(AP33*1000/AO33,AQ33*1000/AO33)>0.1*AM33,AU$2/(1/BZ33+1/CA33-1/CB33),AU$2*0.8*CB33) -> 1491.4216 | CD33: =IF(CC33>=AO33,"Safe ","Unsafe") -> Safe | CG33: =(AZ33*0.25*22/7*BB33^2)/4 -> 308 | CH33: =BK33-60 -> 440 | CI33: =BV33*1000+BK33/2-60 -> 221.84997 | CJ33: =0.85*fc*BJ33/(2*CI33) -> 10.727971 | CK33: =0.85*fc*BJ33*(1-CH33/CI33) -> -4680.6144 | CL33: =(600*CG33+CG33*(fy-0.85*fc)*(1-(CH33-60)/CI33)) -> 97808.844 | CM33: =-510*CH33*CG33 -> -69115200 | CN33: =(((CK33*CL33/(6*CJ33^2)-(CK33/(3*CJ33))^3-CM33/(2*CJ33))^2+(-(CK33^2/(9*CJ33^2))+CL33/(3*CJ33))^3)^0.5+CK33*CL33/(6*CJ33^2)-CK33^3/(27*CJ33^3)-CM33/(2*CJ33))^(1/3)+(-(((CK33*CL33/(6*CJ33^2)-(CK33/(3*CJ33))^3-CM33/(2*CJ33))^2+(-(CK33^2/(9*CJ33^2))+CL33/(3*CJ33))^3)^0.5)+CK33*CL33/(6*CJ33^2)-CK33^3/(27*CJ33^3)-CM33/(2*CJ33))^(1/3)-CK33/(3*CJ33) -> 448.04449 | CO33: =((0.85*fc*CN33*BJ33)+(CG33*(fy-0.85*fc))-(CG33*600*((0.85*CH33)-CN33)/CN33))/1000 -> 2285.2617 | CQ33: =BJ33-60 -> 140 | CR33: =BW33*1000+BJ33/2-60 -> 45.492689 | CS33: =0.85*fc*BK33/(2*CR33) -> 130.79025 | CT33: =0.85*fc*BK33*(1-CQ33/CR33) -> -24721.269 | CU33: =(600*CG33+CG33*(fy-0.85*fc)*(1-(CQ33-60)/CR33)) -> 92237.581 | CV33: =-510*CQ33*CG33 -> -21991200 | CW33: =(((CT33*CU33/(6*CS33^2)-(CT33/(3*CS33))^3-CV33/(2*CS33))^2+(-(CT33^2/(9*CS33^2))+CU33/(3*CS33))^3)^0.5+CT33*CU33/(6*CS33^2)-CT33^3/(27*CS33^3)-CV33/(2*CS33))^(1/3)+(-(((CT33*CU33/(6*CS33^2)-(CT33/(3*CS33))^3-CV33/(2*CS33))^2+(-(CT33^2/(9*CS33^2))+CU33/(3*CS33))^3)^0.5)+CT33*CU33/(6*CS33^2)-CT33^3/(27*CS33^3)-CV33/(2*CS33))^(1/3)-CT33/(3*CS33) -> 189.96165 | CX33: =((0.85*fc*CW33*BK33)+(CG33*(fy-0.85*fc))-(CG33*600*((0.85*CQ33)-CW33)/CW33))/1000 -> 2451.6067 | CZ33: =0.425*fc*BJ33 -> 2380 | DA33: =2*CZ33*(CI33-CH33) -> -1038394.2 | DB33: =CG33*(fy-0.85*fc)*(CI33-CH33+60)-CG33*fy*CI33 -> -47997497 | DC33: =(-DA33+(DA33^2-4*CZ33*DB33)^0.5)/(2*CZ33) -> 478.45073 | DD33: =600*(DC33/0.85-60)*0.85/DC33 -> 536.04357 | DE33: =IF(DD33>fy,DB33,CG33*(DD33-0.85*fc)*(CI33-CH33+60)-CG33*fy*CI33) -> -47997497 | DF33: =(-DA33+(DA33^2-4*CZ33*DE33)^0.5)/(2*CZ33) -> 478.45073 | DG33: =IF(DD33>fy,(0.85*fc*DF33*BJ33+CG33*(fy-0.85*fc)-CG33*fy),(0.85*fc*DF33*BJ33+CG33*(DD33-0.85*fc)-CG33*fy))/1000 -> 2270.0951 | DI33: =0.425*fc*BK33 -> 5950 | DJ33: =2*DI33*(CR33-CQ33) -> -1124637 | DK33: =CG33*(fy-0.85*fc)*(CR33-CQ33+60)-CG33*fy*CR33 -> -10095848 | DL33: =(-DJ33+(DJ33^2-4*DI33*DK33)^0.5)/(2*DI33) -> 197.60151 | DM33: =600*(DL33/0.85-60)*0.85/DC33 -> 183.84527 | DN33: =IF(DM33>fy,DK33,CG33*(DM33-0.85*fc)*(CR33-CQ33+60)-CG33*fy*CR33) -> -7585935.7 | DO33: =(-DJ33+(DJ33^2-4*DI33*DN33)^0.5)/(2*DI33) -> 195.53493 | DP33: =IF(DM33>fy,(0.85*fc*DO33*BK33+CG33*(fy-0.85*fc)-CG33*fy),(0.85*fc*DO33*BK33+CG33*(DM33-0.85*fc)-CG33*fy))/1000 -> 2246.7996 | DT33: =B33 -> C230 | DU33: =AZ33 -> 8 | DV33: =BA33 -> φ | DW33: =BB33 -> 14
A34: Story1 | B34: C231 | C34: 34 | D34: 200 | E34: 500 | F34: 2900 | G34: 710.55 | H34: -2.2 | I34: 16.11 | J34: 6.94 | K34: 0.29 | L34: =(0.9*F34)/(0.3*E34) -> 17.4 | M34: =IF(P34>Q34,(34-12*I34/H34),(34-12*H34/I34)) -> 35.638734 | N34: =IF(L34<=M34,"sho.col","long.col") -> sho.col | P34: =ABS(H34) -> 2.2 | Q34: =ABS(I34) -> 16.11 | R34: =ABS(J34) -> 6.94 | S34: =ABS(K34) -> 0.29 | W34: I/L | X34: 0 | Y34: =(Y31*Y32^3/12)/Y33 -> 1730769.2 | AJ34: =B34 -> C231 | AL34: 200 | AM34: 500 | AN34: =AM34-60 -> 440 | AO34: =G34 -> 710.55 | AP34: =P34 -> 2.2 | AQ34: =R34 -> 6.94 | AR34: =AP34+(AQ34*AM34/AL34*((1-AS$2)/AS$2)) -> 11.542308 | AS34: =AQ34+(AP34*AL34/AM34*((1-AS$2)/AS$2)) -> 7.4138462 | AT34: =MAX(AR34:AS34) -> 11.542308 | AU34: =AT34/AO34 -> 0.016244188 | AV34: =IF(AU34<=1,"Compression","Tention") -> Compression | AW34: =IF(MAX(AP34*1000/AO34,AQ34*1000/AO34)>0.1*AM34,IF(IF(AV34="Compression",2*(0.5+AU34*10^3/(AN34-BD$2))*(-AL34*AM$2*AM34/(1.18+3*AU34*10^3*AM34/AN34^2)+AO34*10^3/AU$2)/AO$2,2*AO34*1000*(AU34*1000-0.5*AM34+0.2*AN34)/(AU$2*fy*(AN34-BD$2)))<0.01*AL34*AM34,(0.01*AL34*AM34),IF(AV34="Compression",2*(0.5+AU34*10^3/(AN34-60))*(-AL34*AM$2*AM34/(1.18+3*AU34*10^3*AM34/AN34^2)+AO34*10^3/AU$2)/AO$2,2*AO34*1000*(AU34*1000-0.5*AM34+0.2*AN34)/(AU$2*fy*(AN34-BD$2)))),MAX((AO34*1000/(0.8*AU$2)-0.85*fc*AL34*AM34)/(fy-0.85*fc),0.01*AL34*AM34)) -> 1000 | AX34: =AW34/4 -> 250 | AY34: =AW34/(AL34*AM34) -> 0.01 | AZ34: =EVEN(AW34/(PI()*BB34^2/4)) -> 8 | BA34: φ | BB34: 14 | BC34: 13.9 | BD34: =MIN(fc^0.5*AL34*AN34/(6*1000),fc^0.5*(AL34-60)*AM34/(6*1000)) -> 61.734197 | BE34: =(BC34-BF$2*BD34)/BF$2 -> -43.200864 | BF34: =FLOOR(MIN(AL34/2,MIN((3*AZ$2*BI$2/AM34),(16*AZ$2*BI$2/(fc^0.5*AM34))),(8*BB34),(24*AX$2),300),10) -> 100 | BG34: =MAX(MAX(AL34,AM34),(F34/6),450) -> 500 | BH34: =IF(BC34<0.5*BD34*BF$2,"No Need Shear Reinf.",IF(BC34<=BD34*BF$2,BF34,IF(BE34>4*BD34,"Increase b & d",FLOOR(AZ$2*BI$2*AN34/(BE34*1000),50)))) -> No Need Shear Reinf. | BI34: =IF(BH34="No Need Shear Reinf.","Use Φ"&AX$2&"@"&MIN(BF34,BH34)&"mm",IF(BH34="Increase b & d","Increase b & d","Use Φ"&AX$2&"@"&MIN(BF34,BH34)&"mm")) -> Use Φ10@100mm | BJ34: =AL34 -> 200 | BK34: =AM34 -> 500 | BL34: =0.85*(600*AN34)/(600+fy) -> 220 | BM34: =0.85*(600*(BJ34-60))/(600+fy) -> 70 | BN34: =600*(BL34/0.85-60)*0.85/BL34 -> 460.90909 | BO34: =600*(BM34/0.85-60)*0.85/BM34 -> 162.85714 | BP34: =IF(BN34>fy,(0.85*fc*BL34*BJ34+CG34*(fy-0.85*fc)-CG34*fy),(0.85*fc*BL34*BJ34+CG34*(BN34-0.85*fc)-CG34*fy))/1000 -> 1039.8696 | BQ34: =IF(BO34>fy,(0.85*fc*BM34*BK34+CG34*(fy-0.85*fc)-CG34*fy),(0.85*fc*BM34*BK34+CG34*(BO34-0.85*fc)-CG34*fy))/1000 -> 746.4696 | BR34: =IF(BN34>fy,(0.85*fc*BL34*BJ34*(BK34/2-BL34/2)+CG34*(fy-0.85*fc)*(BK34/2-60)+CG34*fy*(BK34/2-60)),(0.85*fc*BL34*BJ34*(AN34-BL34/2-60)+CG34*(BN34-0.85*fc)*(BK34/2-60)+CG34*fy*(BK34/2-60)))/1000000 -> 194.37202 | BS34: =IF(BO34>fy,(0.85*fc*BM34*BK34*((BJ34-60)-BM34/2-60)+CG34*(fy-0.85*AM$2)*(BJ34/2-60)-CG34*fy*(BJ34/2-60)),(0.85*fc*BM34*BK34*((BJ34-60)-BM34/2-60)+CG34*(BO34-0.85*fc)*(BJ34/2-60)-CG34*fy*(BJ34/2-60)))/1000000 -> 34.023784 | BT34: =BR34/BP34 -> 0.18691961 | BU34: =BS34/BQ34 -> 0.045579598 | BV34: =AP34/AO34 -> 0.0030961931 | BW34: =AQ34/AO34 -> 0.0097670818 | BX34: =IF(BT34>BV34,"Compression Controls","Tension Controls") -> Compression Controls | BY34: =IF(BU34>BW34,"Compression Controls","Tension Controls") -> Compression Controls | BZ34: =IF(BX34="Compression Controls",CO34,DG34) -> 2574.1565 | CA34: =IF(BY34="Compression Controls",CX34,DP34) -> 2338.8214 | CB34: =(0.85*fc*BJ34*BK34+CG34*4*(fy-0.85*fc))/1000 -> 2868.1184 | CC34: =IF(MAX(AP34*1000/AO34,AQ34*1000/AO34)>0.1*AM34,AU$2/(1/BZ34+1/CA34-1/CB34),AU$2*0.8*CB34) -> 1491.4216 | CD34: =IF(CC34>=AO34,"Safe ","Unsafe") -> Safe | CG34: =(AZ34*0.25*22/7*BB34^2)/4 -> 308 | CH34: =BK34-60 -> 440 | CI34: =BV34*1000+BK34/2-60 -> 193.09619 | CJ34: =0.85*fc*BJ34/(2*CI34) -> 12.325463 | CK34: =0.85*fc*BJ34*(1-CH34/CI34) -> -6086.4075 | CL34: =(600*CG34+CG34*(fy-0.85*fc)*(1-(CH34-60)/CI34)) -> 66683.757 | CM34: =-510*CH34*CG34 -> -69115200 | CN34: =(((CK34*CL34/(6*CJ34^2)-(CK34/(3*CJ34))^3-CM34/(2*CJ34))^2+(-(CK34^2/(9*CJ34^2))+CL34/(3*CJ34))^3)^0.5+CK34*CL34/(6*CJ34^2)-CK34^3/(27*CJ34^3)-CM34/(2*CJ34))^(1/3)+(-(((CK34*CL34/(6*CJ34^2)-(CK34/(3*CJ34))^3-CM34/(2*CJ34))^2+(-(CK34^2/(9*CJ34^2))+CL34/(3*CJ34))^3)^0.5)+CK34*CL34/(6*CJ34^2)-CK34^3/(27*CJ34^3)-CM34/(2*CJ34))^(1/3)-CK34/(3*CJ34) -> 505.07727 | CO34: =((0.85*fc*CN34*BJ34)+(CG34*(fy-0.85*fc))-(CG34*600*((0.85*CH34)-CN34)/CN34))/1000 -> 2574.1565 | CQ34: =BJ34-60 -> 140 | CR34: =BW34*1000+BJ34/2-60 -> 49.767082 | CS34: =0.85*fc*BK34/(2*CR34) -> 119.55694 | CT34: =0.85*fc*BK34*(1-CQ34/CR34) -> -21575.943 | CU34: =(600*CG34+CG34*(fy-0.85*fc)*(1-(CQ34-60)/CR34)) -> 110668.45 | CV34: =-510*CQ34*CG34 -> -21991200 | CW34: =(((CT34*CU34/(6*CS34^2)-(CT34/(3*CS34))^3-CV34/(2*CS34))^2+(-(CT34^2/(9*CS34^2))+CU34/(3*CS34))^3)^0.5+CT34*CU34/(6*CS34^2)-CT34^3/(27*CS34^3)-CV34/(2*CS34))^(1/3)+(-(((CT34*CU34/(6*CS34^2)-(CT34/(3*CS34))^3-CV34/(2*CS34))^2+(-(CT34^2/(9*CS34^2))+CU34/(3*CS34))^3)^0.5)+CT34*CU34/(6*CS34^2)-CT34^3/(27*CS34^3)-CV34/(2*CS34))^(1/3)-CT34/(3*CS34) -> 180.9674 | CX34: =((0.85*fc*CW34*BK34)+(CG34*(fy-0.85*fc))-(CG34*600*((0.85*CQ34)-CW34)/CW34))/1000 -> 2338.8214 | CZ34: =0.425*fc*BJ34 -> 2380 | DA34: =2*CZ34*(CI34-CH34) -> -1175262.1 | DB34: =CG34*(fy-0.85*fc)*(CI34-CH34+60)-CG34*fy*CI34 -> -47786720 | DC34: =(-DA34+(DA34^2-4*CZ34*DB34)^0.5)/(2*CZ34) -> 531.57896 | DD34: =600*(DC34/0.85-60)*0.85/DC34 -> 542.43565 | DE34: =IF(DD34>fy,DB34,CG34*(DD34-0.85*fc)*(CI34-CH34+60)-CG34*fy*CI34) -> -47786720 | DF34: =(-DA34+(DA34^2-4*CZ34*DE34)^0.5)/(2*CZ34) -> 531.57896 | DG34: =IF(DD34>fy,(0.85*fc*DF34*BJ34+CG34*(fy-0.85*fc)-CG34*fy),(0.85*fc*DF34*BJ34+CG34*(DD34-0.85*fc)-CG34*fy))/1000 -> 2522.9855 | DI34: =0.425*fc*BK34 -> 5950 | DJ34: =2*DI34*(CR34-CQ34) -> -1073771.7 | DK34: =CG34*(fy-0.85*fc)*(CR34-CQ34+60)-CG34*fy*CR34 -> -10127181 | DL34: =(-DJ34+(DJ34^2-4*DI34*DK34)^0.5)/(2*DI34) -> 189.44999 | DM34: =600*(DL34/0.85-60)*0.85/DC34 -> 156.27028 | DN34: =IF(DM34>fy,DK34,CG34*(DM34-0.85*fc)*(CR34-CQ34+60)-CG34*fy*CR34) -> -7671398.3 | DO34: =(-DJ34+(DJ34^2-4*DI34*DN34)^0.5)/(2*DI34) -> 187.34775 | DP34: =IF(DM34>fy,(0.85*fc*DO34*BK34+CG34*(fy-0.85*fc)-CG34*fy),(0.85*fc*DO34*BK34+CG34*(DM34-0.85*fc)-CG34*fy))/1000 -> 2140.879 | DT34: =B34 -> C231 | DU34: =AZ34 -> 8 | DV34: =BA34 -> φ | DW34: =BB34 -> 14
